frame_number,timestamp_ms,landmark_name,visible,x,y,z
0,0,pose_LEFT_SHOULDER,0.99971,0.50825,0.2243,0.21713
0,0,pose_RIGHT_SHOULDER,0.99997,0.5079,0.21692,-0.14068
0,0,pose_LEFT_ELBOW,0.10651,0.54976,0.35404,0.16082
0,0,pose_RIGHT_ELBOW,0.96403,0.55907,0.35436,-0.09946
0,0,pose_LEFT_WRIST,0.23437,0.5993,0.30531,-0.0172
0,0,pose_RIGHT_WRIST,0.86736,0.60453,0.29876,0.12841
0,0,pose_LEFT_PINKY,0.2556,0.61446,0.28886,-0.04355
0,0,pose_RIGHT_PINKY,0.80615,0.62051,0.27685,0.13733
0,0,pose_LEFT_INDEX,0.26522,0.61294,0.27512,-0.04493
0,0,pose_RIGHT_INDEX,0.79179,0.6158,0.26821,0.13299
0,0,pose_LEFT_THUMB,0.27024,0.61357,0.28681,-0.02738
0,0,pose_RIGHT_THUMB,0.75129,0.60712,0.27731,0.13472
0,0,pose_LEFT_HIP,0.99922,0.52356,0.53732,0.11099
0,0,pose_RIGHT_HIP,0.9993,0.50931,0.53947,-0.11109
0,0,pose_LEFT_KNEE,0.69288,0.54744,0.76461,0.1717
0,0,pose_RIGHT_KNEE,0.97544,0.48047,0.76901,-0.1143
0,0,pose_LEFT_ANKLE,0.83832,0.55831,0.98201,0.27645
0,0,pose_RIGHT_ANKLE,0.96908,0.41132,0.97736,-0.06959
0,0,pose_LEFT_HEEL,0.77926,0.54538,1.02889,0.28199
0,0,pose_RIGHT_HEEL,0.89533,0.39615,0.99447,-0.06693
0,0,pose_LEFT_FOOT_INDEX,0.81972,0.61264,0.9879,0.23248
0,0,pose_RIGHT_FOOT_INDEX,0.93508,0.44557,1.06246,-0.14624
2,66,pose_LEFT_SHOULDER,0.99961,0.50556,0.22407,0.19501
2,66,pose_RIGHT_SHOULDER,0.99995,0.50633,0.20895,-0.1451
2,66,pose_LEFT_ELBOW,0.09824,0.54217,0.35553,0.15547
2,66,pose_RIGHT_ELBOW,0.96142,0.55141,0.34665,-0.11083
2,66,pose_LEFT_WRIST,0.21841,0.59636,0.32819,-0.0032
2,66,pose_RIGHT_WRIST,0.85808,0.60841,0.29196,0.09632
2,66,pose_LEFT_PINKY,0.24197,0.61165,0.32496,-0.02735
2,66,pose_RIGHT_PINKY,0.79801,0.62173,0.27638,0.1007
2,66,pose_LEFT_INDEX,0.25139,0.61477,0.30941,-0.0364
2,66,pose_RIGHT_INDEX,0.78372,0.61793,0.26205,0.09812
2,66,pose_LEFT_THUMB,0.25683,0.60805,0.31232,-0.01584
2,66,pose_RIGHT_THUMB,0.74267,0.61148,0.26893,0.10191
2,66,pose_LEFT_HIP,0.99911,0.52329,0.53745,0.10837
2,66,pose_RIGHT_HIP,0.99917,0.50828,0.53835,-0.10839
2,66,pose_LEFT_KNEE,0.68426,0.54816,0.75531,0.16718
2,66,pose_RIGHT_KNEE,0.97348,0.48088,0.76716,-0.0881
2,66,pose_LEFT_ANKLE,0.82799,0.56028,0.97301,0.26164
2,66,pose_RIGHT_ANKLE,0.9644,0.41261,0.97553,-0.01286
2,66,pose_LEFT_HEEL,0.77305,0.55171,1.00018,0.26611
2,66,pose_RIGHT_HEEL,0.885,0.39755,0.99128,-0.00631
2,66,pose_LEFT_FOOT_INDEX,0.80757,0.60352,1.00443,0.21841
2,66,pose_RIGHT_FOOT_INDEX,0.92619,0.44826,1.05342,-0.08204
4,133,pose_LEFT_SHOULDER,0.99957,0.50796,0.22328,0.16818
4,133,pose_RIGHT_SHOULDER,0.99995,0.50151,0.20873,-0.1831
4,133,pose_LEFT_ELBOW,0.09313,0.54067,0.35614,0.11567
4,133,pose_RIGHT_ELBOW,0.96301,0.5443,0.34761,-0.14371
4,133,pose_LEFT_WRIST,0.21502,0.59198,0.32414,-0.07951
4,133,pose_RIGHT_WRIST,0.86293,0.60181,0.2917,0.07498
4,133,pose_LEFT_PINKY,0.24226,0.61128,0.30922,-0.10978
4,133,pose_RIGHT_PINKY,0.8052,0.61707,0.27794,0.08036
4,133,pose_LEFT_INDEX,0.25203,0.61149,0.30207,-0.11874
4,133,pose_RIGHT_INDEX,0.7918,0.6129,0.26149,0.07353
4,133,pose_LEFT_THUMB,0.25788,0.6073,0.30646,-0.09319
4,133,pose_RIGHT_THUMB,0.75192,0.60597,0.26904,0.0799
4,133,pose_LEFT_HIP,0.99904,0.52365,0.5378,0.1081
4,133,pose_RIGHT_HIP,0.9991,0.50774,0.53953,-0.10811
4,133,pose_LEFT_KNEE,0.67678,0.54891,0.75292,0.1812
4,133,pose_RIGHT_KNEE,0.97367,0.4806,0.76854,-0.08159
4,133,pose_LEFT_ANKLE,0.8191,0.56036,0.96779,0.28558
4,133,pose_RIGHT_ANKLE,0.96278,0.41361,0.97516,-0.01161
4,133,pose_LEFT_HEEL,0.76779,0.5513,0.99524,0.29118
4,133,pose_RIGHT_HEEL,0.88063,0.39931,0.99001,-0.006
4,133,pose_LEFT_FOOT_INDEX,0.80317,0.60101,0.99951,0.24401
4,133,pose_RIGHT_FOOT_INDEX,0.92454,0.45017,1.05056,-0.08552
6,200,pose_LEFT_SHOULDER,0.9995,0.50258,0.2227,0.20683
6,200,pose_RIGHT_SHOULDER,0.99994,0.50152,0.20613,-0.14296
6,200,pose_LEFT_ELBOW,0.08448,0.5381,0.36018,0.15462
6,200,pose_RIGHT_ELBOW,0.96023,0.54314,0.34672,-0.11109
6,200,pose_LEFT_WRIST,0.19671,0.59014,0.33615,-0.00075
6,200,pose_RIGHT_WRIST,0.85205,0.59697,0.29098,0.09842
6,200,pose_LEFT_PINKY,0.22633,0.60605,0.33031,-0.02585
6,200,pose_RIGHT_PINKY,0.79531,0.61299,0.27687,0.10235
6,200,pose_LEFT_INDEX,0.23583,0.60838,0.31517,-0.03871
6,200,pose_RIGHT_INDEX,0.78195,0.60816,0.26074,0.09775
6,200,pose_LEFT_THUMB,0.24172,0.602,0.31938,-0.01577
6,200,pose_RIGHT_THUMB,0.74123,0.60076,0.26762,0.10317
6,200,pose_LEFT_HIP,0.99896,0.52298,0.5386,0.10828
6,200,pose_RIGHT_HIP,0.99895,0.50639,0.53951,-0.10826
6,200,pose_LEFT_KNEE,0.6747,0.54918,0.75308,0.16448
6,200,pose_RIGHT_KNEE,0.97302,0.48065,0.76863,-0.08528
6,200,pose_LEFT_ANKLE,0.81538,0.55996,0.96706,0.24197
6,200,pose_RIGHT_ANKLE,0.95973,0.41538,0.97522,-0.01249
6,200,pose_LEFT_HEEL,0.76386,0.55082,0.99628,0.24443
6,200,pose_RIGHT_HEEL,0.87211,0.39979,0.99171,-0.0063
6,200,pose_LEFT_FOOT_INDEX,0.79656,0.60093,0.99701,0.19371
6,200,pose_RIGHT_FOOT_INDEX,0.91886,0.4541,1.04636,-0.08136
8,266,pose_LEFT_SHOULDER,0.99937,0.49517,0.22261,0.22402
8,266,pose_RIGHT_SHOULDER,0.99992,0.49561,0.20585,-0.1283
8,266,pose_LEFT_ELBOW,0.07615,0.52452,0.36377,0.1798
8,266,pose_RIGHT_ELBOW,0.9541,0.53666,0.34749,-0.1021
8,266,pose_LEFT_WRIST,0.17362,0.58063,0.34647,0.03713
8,266,pose_RIGHT_WRIST,0.82369,0.59437,0.29166,0.10866
8,266,pose_LEFT_PINKY,0.20281,0.59418,0.34685,0.01432
8,266,pose_RIGHT_PINKY,0.76869,0.61326,0.27666,0.11482
8,266,pose_LEFT_INDEX,0.21132,0.59748,0.32863,0.00708
8,266,pose_RIGHT_INDEX,0.75436,0.60658,0.26103,0.11503
8,266,pose_LEFT_THUMB,0.21687,0.59178,0.33036,0.02535
8,266,pose_RIGHT_THUMB,0.71318,0.60149,0.26715,0.11479
8,266,pose_LEFT_HIP,0.99875,0.51778,0.53965,0.10874
8,266,pose_RIGHT_HIP,0.99883,0.50477,0.54061,-0.10869
8,266,pose_LEFT_KNEE,0.65995,0.542,0.7535,0.18751
8,266,pose_RIGHT_KNEE,0.97057,0.48178,0.7708,-0.11596
8,266,pose_LEFT_ANKLE,0.80033,0.55986,0.9653,0.28593
8,266,pose_RIGHT_ANKLE,0.95324,0.41722,0.98138,-0.07993
8,266,pose_LEFT_HEEL,0.749,0.54823,0.997,0.29087
8,266,pose_RIGHT_HEEL,0.85777,0.40177,1.00097,-0.078
8,266,pose_LEFT_FOOT_INDEX,0.77576,0.59635,0.99255,0.24708
8,266,pose_RIGHT_FOOT_INDEX,0.90571,0.45813,1.06106,-0.16117
10,333,pose_LEFT_SHOULDER,0.99938,0.49691,0.22676,0.22134
10,333,pose_RIGHT_SHOULDER,0.99993,0.47725,0.20574,-0.14418
10,333,pose_LEFT_ELBOW,0.07595,0.52814,0.36827,0.12674
10,333,pose_RIGHT_ELBOW,0.95678,0.51829,0.36386,-0.11586
10,333,pose_LEFT_WRIST,0.17695,0.57771,0.33527,-0.08896
10,333,pose_RIGHT_WRIST,0.82933,0.57638,0.30401,0.09699
10,333,pose_LEFT_PINKY,0.20672,0.59417,0.31068,-0.12254
10,333,pose_RIGHT_PINKY,0.77284,0.60092,0.28225,0.10306
10,333,pose_LEFT_INDEX,0.21523,0.59727,0.30392,-0.123
10,333,pose_RIGHT_INDEX,0.75811,0.5965,0.26488,0.0993
10,333,pose_LEFT_THUMB,0.22084,0.58889,0.31171,-0.10036
10,333,pose_RIGHT_THUMB,0.71669,0.5889,0.27516,0.10306
10,333,pose_LEFT_HIP,0.99871,0.51775,0.54798,0.10915
10,333,pose_RIGHT_HIP,0.99882,0.49891,0.54445,-0.1091
10,333,pose_LEFT_KNEE,0.66086,0.54362,0.75898,0.1858
10,333,pose_RIGHT_KNEE,0.97179,0.47368,0.7791,-0.09956
10,333,pose_LEFT_ANKLE,0.7929,0.56041,0.97754,0.28417
10,333,pose_RIGHT_ANKLE,0.95177,0.41694,0.98937,-0.03367
10,333,pose_LEFT_HEEL,0.74323,0.55022,1.00072,0.28897
10,333,pose_RIGHT_HEEL,0.8513,0.39921,1.00992,-0.02766
10,333,pose_LEFT_FOOT_INDEX,0.76774,0.60005,0.99756,0.24142
10,333,pose_RIGHT_FOOT_INDEX,0.90229,0.45785,1.07093,-0.11351
12,400,pose_LEFT_SHOULDER,0.99941,0.49751,0.22734,0.17557
12,400,pose_RIGHT_SHOULDER,0.99994,0.46854,0.20724,-0.17821
12,400,pose_LEFT_ELBOW,0.07817,0.52399,0.368,0.07907
12,400,pose_RIGHT_ELBOW,0.95908,0.50518,0.37219,-0.13917
12,400,pose_LEFT_WRIST,0.18624,0.57057,0.32928,-0.17257
12,400,pose_RIGHT_WRIST,0.84281,0.5666,0.31602,0.07241
12,400,pose_LEFT_PINKY,0.2173,0.58872,0.30704,-0.21108
12,400,pose_RIGHT_PINKY,0.78646,0.58723,0.29537,0.07514
12,400,pose_LEFT_INDEX,0.22633,0.59228,0.29175,-0.217
12,400,pose_RIGHT_INDEX,0.77218,0.58163,0.27504,0.07044
12,400,pose_LEFT_THUMB,0.23239,0.58325,0.30244,-0.18643
12,400,pose_RIGHT_THUMB,0.731,0.57339,0.28468,0.07954
12,400,pose_LEFT_HIP,0.99867,0.51588,0.55058,0.10594
12,400,pose_RIGHT_HIP,0.99875,0.49212,0.55195,-0.10586
12,400,pose_LEFT_KNEE,0.65917,0.54398,0.76094,0.14838
12,400,pose_RIGHT_KNEE,0.96907,0.4674,0.77977,-0.055
12,400,pose_LEFT_ANKLE,0.77954,0.56291,0.97844,0.23707
12,400,pose_RIGHT_ANKLE,0.94486,0.41701,0.98757,0.07034
12,400,pose_LEFT_HEEL,0.73268,0.55257,1.01337,0.24045
12,400,pose_RIGHT_HEEL,0.83747,0.40081,1.00834,0.08142
12,400,pose_LEFT_FOOT_INDEX,0.75536,0.60907,1.01483,0.1771
12,400,pose_RIGHT_FOOT_INDEX,0.89319,0.44939,1.06713,-0.00713
14,466,pose_LEFT_SHOULDER,0.99943,0.49422,0.22575,0.19535
14,466,pose_RIGHT_SHOULDER,0.99994,0.45906,0.207,-0.16316
14,466,pose_LEFT_ELBOW,0.08007,0.51581,0.36904,0.09848
14,466,pose_RIGHT_ELBOW,0.96254,0.48695,0.38744,-0.13151
14,466,pose_LEFT_WRIST,0.19072,0.565,0.33155,-0.15457
14,466,pose_RIGHT_WRIST,0.85809,0.55916,0.32539,0.08396
14,466,pose_LEFT_PINKY,0.22153,0.5808,0.31673,-0.19464
14,466,pose_RIGHT_PINKY,0.8023,0.58044,0.30739,0.08845
14,466,pose_LEFT_INDEX,0.23071,0.58334,0.29908,-0.19642
14,466,pose_RIGHT_INDEX,0.78894,0.57506,0.28407,0.08537
14,466,pose_LEFT_THUMB,0.23751,0.57366,0.30714,-0.16712
14,466,pose_RIGHT_THUMB,0.74865,0.56912,0.29234,0.09235
14,466,pose_LEFT_HIP,0.99852,0.51121,0.55108,0.10548
14,466,pose_RIGHT_HIP,0.9986,0.488,0.5521,-0.10534
14,466,pose_LEFT_KNEE,0.66218,0.55013,0.76722,0.14474
14,466,pose_RIGHT_KNEE,0.96741,0.46583,0.78585,-0.06982
14,466,pose_LEFT_ANKLE,0.76901,0.56352,0.97806,0.2461
14,466,pose_RIGHT_ANKLE,0.93912,0.41721,0.99116,0.03508
14,466,pose_LEFT_HEEL,0.72087,0.55288,1.01427,0.25025
14,466,pose_RIGHT_HEEL,0.82407,0.4011,1.00806,0.04371
14,466,pose_LEFT_FOOT_INDEX,0.74716,0.60524,1.0142,0.18053
14,466,pose_RIGHT_FOOT_INDEX,0.88786,0.45048,1.07114,-0.05349
16,533,pose_LEFT_SHOULDER,0.99942,0.49263,0.22154,0.15447
16,533,pose_RIGHT_SHOULDER,0.99994,0.4546,0.2078,-0.20548
16,533,pose_LEFT_ELBOW,0.0825,0.50974,0.36615,0.08919
16,533,pose_RIGHT_ELBOW,0.96556,0.48283,0.3852,-0.1652
16,533,pose_LEFT_WRIST,0.19855,0.55903,0.32804,-0.14204
16,533,pose_RIGHT_WRIST,0.87021,0.55602,0.3352,0.04894
16,533,pose_LEFT_PINKY,0.22949,0.58002,0.30857,-0.17838
16,533,pose_RIGHT_PINKY,0.81407,0.57707,0.32115,0.05198
16,533,pose_LEFT_INDEX,0.23974,0.57961,0.29591,-0.18709
16,533,pose_RIGHT_INDEX,0.80152,0.57507,0.29711,0.04693
16,533,pose_LEFT_THUMB,0.24769,0.57324,0.30164,-0.15655
16,533,pose_RIGHT_THUMB,0.76183,0.5669,0.30372,0.0562
16,533,pose_LEFT_HIP,0.99836,0.51212,0.55217,0.10469
16,533,pose_RIGHT_HIP,0.99836,0.48529,0.55828,-0.10453
16,533,pose_LEFT_KNEE,0.67313,0.55173,0.77183,0.13067
16,533,pose_RIGHT_KNEE,0.96525,0.46616,0.78599,-0.03695
16,533,pose_LEFT_ANKLE,0.76193,0.56263,0.98242,0.22355
16,533,pose_RIGHT_ANKLE,0.93252,0.418,0.9901,0.1064
16,533,pose_LEFT_HEEL,0.71566,0.55163,1.03132,0.22685
16,533,pose_RIGHT_HEEL,0.81146,0.40311,1.00734,0.11984
16,533,pose_LEFT_FOOT_INDEX,0.73913,0.60542,1.01382,0.13368
16,533,pose_RIGHT_FOOT_INDEX,0.87822,0.45058,1.06869,0.03542
18,600,pose_LEFT_SHOULDER,0.99938,0.47719,0.21569,0.1526
18,600,pose_RIGHT_SHOULDER,0.99994,0.46014,0.20485,-0.19224
18,600,pose_LEFT_ELBOW,0.07928,0.49945,0.36547,0.11532
18,600,pose_RIGHT_ELBOW,0.96445,0.49359,0.38505,-0.1367
18,600,pose_LEFT_WRIST,0.19018,0.55726,0.32528,-0.06401
18,600,pose_RIGHT_WRIST,0.86859,0.55585,0.33496,0.09594
18,600,pose_LEFT_PINKY,0.22231,0.57313,0.31382,-0.09191
18,600,pose_RIGHT_PINKY,0.81109,0.57796,0.32215,0.10869
18,600,pose_LEFT_INDEX,0.23232,0.57497,0.29976,-0.09828
18,600,pose_RIGHT_INDEX,0.79893,0.57333,0.29834,0.10111
18,600,pose_LEFT_THUMB,0.24132,0.56775,0.30457,-0.07611
18,600,pose_RIGHT_THUMB,0.76031,0.56706,0.30363,0.10249
18,600,pose_LEFT_HIP,0.99799,0.50622,0.55522,0.10305
18,600,pose_RIGHT_HIP,0.99787,0.48762,0.56142,-0.10294
18,600,pose_LEFT_KNEE,0.65111,0.55153,0.77663,0.14708
18,600,pose_RIGHT_KNEE,0.95539,0.47486,0.79686,-0.04643
18,600,pose_LEFT_ANKLE,0.71733,0.5647,0.97957,0.23351
18,600,pose_RIGHT_ANKLE,0.90699,0.41806,0.99464,0.05981
18,600,pose_LEFT_HEEL,0.68134,0.55462,1.03464,0.23755
18,600,pose_RIGHT_HEEL,0.78628,0.40396,1.01396,0.07018
18,600,pose_LEFT_FOOT_INDEX,0.69247,0.60922,1.0252,0.18981
18,600,pose_RIGHT_FOOT_INDEX,0.84233,0.46265,1.07363,-0.00577
20,666,pose_LEFT_SHOULDER,0.99932,0.47925,0.21462,0.1693
20,666,pose_RIGHT_SHOULDER,0.99993,0.46048,0.20482,-0.1717
20,666,pose_LEFT_ELBOW,0.08002,0.49934,0.36091,0.13366
20,666,pose_RIGHT_ELBOW,0.96387,0.49269,0.38536,-0.12418
20,666,pose_LEFT_WRIST,0.18721,0.5585,0.32202,-0.02753
20,666,pose_RIGHT_WRIST,0.87087,0.55742,0.33223,0.07967
20,666,pose_LEFT_PINKY,0.22056,0.57466,0.31215,-0.05378
20,666,pose_RIGHT_PINKY,0.81451,0.57838,0.31864,0.08504
20,666,pose_LEFT_INDEX,0.23046,0.5773,0.29653,-0.06631
20,666,pose_RIGHT_INDEX,0.803,0.57391,0.29612,0.07855
20,666,pose_LEFT_THUMB,0.23974,0.56992,0.30189,-0.0415
20,666,pose_RIGHT_THUMB,0.76495,0.56488,0.30236,0.08524
20,666,pose_LEFT_HIP,0.9975,0.50568,0.55526,0.1016
20,666,pose_RIGHT_HIP,0.99715,0.48987,0.5618,-0.10142
20,666,pose_LEFT_KNEE,0.62671,0.54952,0.77938,0.12528
20,666,pose_RIGHT_KNEE,0.94113,0.48776,0.7993,-0.05622
20,666,pose_LEFT_ANKLE,0.67561,0.57123,0.98226,0.20223
20,666,pose_RIGHT_ANKLE,0.87401,0.41928,0.99474,0.05445
20,666,pose_LEFT_HEEL,0.6474,0.55361,1.04802,0.20424
20,666,pose_RIGHT_HEEL,0.75582,0.40749,1.01813,0.06488
20,666,pose_LEFT_FOOT_INDEX,0.64928,0.60671,1.03169,0.14118
20,666,pose_RIGHT_FOOT_INDEX,0.80233,0.46877,1.07357,-0.01662
22,733,pose_LEFT_SHOULDER,0.99936,0.49836,0.21489,0.19806
22,733,pose_RIGHT_SHOULDER,0.99993,0.45923,0.20602,-0.12059
22,733,pose_LEFT_ELBOW,0.09572,0.51717,0.3634,0.09883
22,733,pose_RIGHT_ELBOW,0.96673,0.49412,0.38662,-0.09665
22,733,pose_LEFT_WRIST,0.2072,0.55935,0.32197,-0.15296
22,733,pose_RIGHT_WRIST,0.88024,0.56466,0.32971,0.0965
22,733,pose_LEFT_PINKY,0.23715,0.57455,0.3076,-0.19434
22,733,pose_RIGHT_PINKY,0.82204,0.58104,0.31684,0.1
22,733,pose_LEFT_INDEX,0.24727,0.57632,0.29249,-0.19143
22,733,pose_RIGHT_INDEX,0.81053,0.5774,0.29476,0.09428
22,733,pose_LEFT_THUMB,0.25558,0.5688,0.29891,-0.16351
22,733,pose_RIGHT_THUMB,0.7726,0.56733,0.30118,0.10275
22,733,pose_LEFT_HIP,0.99764,0.51396,0.54963,0.08821
22,733,pose_RIGHT_HIP,0.9973,0.49009,0.54688,-0.08793
22,733,pose_LEFT_KNEE,0.65148,0.55684,0.77262,0.08832
22,733,pose_RIGHT_KNEE,0.9378,0.48136,0.77777,-0.08042
22,733,pose_LEFT_ANKLE,0.67689,0.57948,0.98364,0.17388
22,733,pose_RIGHT_ANKLE,0.85745,0.41871,0.99467,0.00213
22,733,pose_LEFT_HEEL,0.63241,0.56656,1.05951,0.17604
22,733,pose_RIGHT_HEEL,0.71844,0.41792,1.0306,0.00775
22,733,pose_LEFT_FOOT_INDEX,0.63916,0.61054,1.02926,0.09368
22,733,pose_RIGHT_FOOT_INDEX,0.78106,0.45713,1.0685,-0.09835
24,800,pose_LEFT_SHOULDER,0.99934,0.49726,0.21669,0.21868
24,800,pose_RIGHT_SHOULDER,0.99992,0.46776,0.2081,-0.10885
24,800,pose_LEFT_ELBOW,0.09738,0.52446,0.36156,0.15841
24,800,pose_RIGHT_ELBOW,0.9654,0.50679,0.38147,-0.0918
24,800,pose_LEFT_WRIST,0.21261,0.57256,0.32038,-0.03047
24,800,pose_RIGHT_WRIST,0.87599,0.57116,0.32699,0.09674
24,800,pose_LEFT_PINKY,0.24465,0.58724,0.31406,-0.06273
24,800,pose_RIGHT_PINKY,0.81648,0.58933,0.31168,0.09675
24,800,pose_LEFT_INDEX,0.25545,0.58868,0.29882,-0.07441
24,800,pose_RIGHT_INDEX,0.80485,0.58603,0.2901,0.09594
24,800,pose_LEFT_THUMB,0.26333,0.58186,0.30318,-0.04487
24,800,pose_RIGHT_THUMB,0.7662,0.58153,0.29626,0.10334
24,800,pose_LEFT_HIP,0.9978,0.5165,0.55021,0.09462
24,800,pose_RIGHT_HIP,0.99748,0.49742,0.55208,-0.09445
24,800,pose_LEFT_KNEE,0.66029,0.56076,0.77328,0.13689
24,800,pose_RIGHT_KNEE,0.9378,0.47189,0.77559,-0.09502
24,800,pose_LEFT_ANKLE,0.68886,0.58856,0.98024,0.24104
24,800,pose_RIGHT_ANKLE,0.85987,0.41732,0.99479,-0.01162
24,800,pose_LEFT_HEEL,0.64494,0.5804,1.04594,0.24533
24,800,pose_RIGHT_HEEL,0.71493,0.41449,1.03987,-0.00457
24,800,pose_LEFT_FOOT_INDEX,0.6443,0.62752,1.0014,0.17673
24,800,pose_RIGHT_FOOT_INDEX,0.77981,0.44609,1.06754,-0.09321
26,866,pose_LEFT_SHOULDER,0.9994,0.50975,0.21742,0.229
26,866,pose_RIGHT_SHOULDER,0.99993,0.47574,0.20985,-0.10715
26,866,pose_LEFT_ELBOW,0.10127,0.5368,0.3631,0.12897
26,866,pose_RIGHT_ELBOW,0.96675,0.51202,0.37585,-0.08224
26,866,pose_LEFT_WRIST,0.22526,0.58053,0.31996,-0.11693
26,866,pose_RIGHT_WRIST,0.88163,0.57856,0.32225,0.12535
26,866,pose_LEFT_PINKY,0.25575,0.59622,0.30145,-0.154
26,866,pose_RIGHT_PINKY,0.82108,0.60249,0.29817,0.13051
26,866,pose_LEFT_INDEX,0.2669,0.59529,0.29208,-0.16
26,866,pose_RIGHT_INDEX,0.80945,0.59555,0.2823,0.13031
26,866,pose_LEFT_THUMB,0.27449,0.58554,0.29932,-0.12988
26,866,pose_RIGHT_THUMB,0.77018,0.59092,0.28966,0.13416
26,866,pose_LEFT_HIP,0.99809,0.52733,0.54885,0.09402
26,866,pose_RIGHT_HIP,0.99786,0.50289,0.55031,-0.09393
26,866,pose_LEFT_KNEE,0.67729,0.5704,0.77398,0.13994
26,866,pose_RIGHT_KNEE,0.94307,0.47056,0.7769,-0.10416
26,866,pose_LEFT_ANKLE,0.71532,0.60152,0.9766,0.25003
26,866,pose_RIGHT_ANKLE,0.87623,0.41658,0.99805,-0.02173
26,866,pose_LEFT_HEEL,0.66822,0.5974,1.0055,0.25532
26,866,pose_RIGHT_HEEL,0.72814,0.40937,1.04462,-0.01545
26,866,pose_LEFT_FOOT_INDEX,0.67218,0.65128,0.99683,0.18252
26,866,pose_RIGHT_FOOT_INDEX,0.80278,0.43849,1.07539,-0.11477
28,933,pose_LEFT_SHOULDER,0.99901,0.50996,0.22232,0.15487
28,933,pose_RIGHT_SHOULDER,0.99985,0.49909,0.22088,-0.18356
28,933,pose_LEFT_ELBOW,0.10139,0.5381,0.36073,0.22798
28,933,pose_RIGHT_ELBOW,0.96519,0.53509,0.37459,-0.19015
28,933,pose_LEFT_WRIST,0.22412,0.58266,0.30958,0.25139
28,933,pose_RIGHT_WRIST,0.87605,0.59583,0.3181,-0.03463
28,933,pose_LEFT_PINKY,0.25479,0.59671,0.29242,0.26086
28,933,pose_RIGHT_PINKY,0.81804,0.6176,0.29376,-0.03471
28,933,pose_LEFT_INDEX,0.26474,0.60014,0.28144,0.24482
28,933,pose_RIGHT_INDEX,0.80618,0.61319,0.27552,-0.02574
28,933,pose_LEFT_THUMB,0.27163,0.59559,0.28891,0.24294
28,933,pose_RIGHT_THUMB,0.76625,0.60504,0.28431,-0.02505
28,933,pose_LEFT_HIP,0.99765,0.53008,0.56233,0.09841
28,933,pose_RIGHT_HIP,0.99753,0.53006,0.56766,-0.09836
28,933,pose_LEFT_KNEE,0.66778,0.52076,0.77421,0.15509
28,933,pose_RIGHT_KNEE,0.93543,0.55304,0.80768,-0.04179
28,933,pose_LEFT_ANKLE,0.73285,0.43764,0.97886,0.2368
28,933,pose_RIGHT_ANKLE,0.88472,0.56233,1.02116,0.04196
28,933,pose_LEFT_HEEL,0.69729,0.46031,1.01266,0.24079
28,933,pose_RIGHT_HEEL,0.75688,0.5545,1.05864,0.05113
28,933,pose_LEFT_FOOT_INDEX,0.69421,0.50183,1.017,0.19594
28,933,pose_RIGHT_FOOT_INDEX,0.81717,0.59863,1.07544,-0.00317
30,1000,pose_LEFT_SHOULDER,0.99868,0.51683,0.22746,0.14474
30,1000,pose_RIGHT_SHOULDER,0.99974,0.51555,0.22814,-0.1336
30,1000,pose_LEFT_ELBOW,0.09998,0.53643,0.3504,0.23197
30,1000,pose_RIGHT_ELBOW,0.95842,0.55718,0.37367,-0.16954
30,1000,pose_LEFT_WRIST,0.21044,0.5898,0.3031,0.23868
30,1000,pose_RIGHT_WRIST,0.8702,0.61301,0.30887,-0.03931
30,1000,pose_LEFT_PINKY,0.24161,0.60389,0.28762,0.23754
30,1000,pose_RIGHT_PINKY,0.81482,0.63103,0.28177,-0.04717
30,1000,pose_LEFT_INDEX,0.25018,0.60723,0.27576,0.21648
30,1000,pose_RIGHT_INDEX,0.80275,0.6264,0.26466,-0.042
30,1000,pose_LEFT_THUMB,0.25713,0.60408,0.28659,0.22685
30,1000,pose_RIGHT_THUMB,0.7619,0.61784,0.27356,-0.03274
30,1000,pose_LEFT_HIP,0.99742,0.55319,0.5667,0.0879
30,1000,pose_RIGHT_HIP,0.9973,0.55099,0.57219,-0.08785
30,1000,pose_LEFT_KNEE,0.64117,0.55968,0.79244,0.11339
30,1000,pose_RIGHT_KNEE,0.91469,0.51297,0.80437,-0.06997
30,1000,pose_LEFT_ANKLE,0.7207,0.53975,0.99255,0.18625
30,1000,pose_RIGHT_ANKLE,0.8811,0.44612,0.99694,0.00929
30,1000,pose_LEFT_HEEL,0.69711,0.52401,1.02028,0.18806
30,1000,pose_RIGHT_HEEL,0.76681,0.46567,1.05513,0.01717
30,1000,pose_LEFT_FOOT_INDEX,0.68401,0.54845,1.04062,0.11989
30,1000,pose_RIGHT_FOOT_INDEX,0.81581,0.45992,1.07302,-0.06197
32,1066,pose_LEFT_SHOULDER,0.99749,0.52891,0.23237,0.14605
32,1066,pose_RIGHT_SHOULDER,0.99951,0.53593,0.23107,-0.16765
32,1066,pose_LEFT_ELBOW,0.09359,0.55603,0.36056,0.27973
32,1066,pose_RIGHT_ELBOW,0.95661,0.57806,0.37396,-0.26828
32,1066,pose_LEFT_WRIST,0.18981,0.60661,0.30313,0.33597
32,1066,pose_RIGHT_WRIST,0.87371,0.63084,0.30116,-0.262
32,1066,pose_LEFT_PINKY,0.22158,0.61978,0.2864,0.35047
32,1066,pose_RIGHT_PINKY,0.8248,0.64813,0.27046,-0.28079
32,1066,pose_LEFT_INDEX,0.22783,0.62573,0.27554,0.33406
32,1066,pose_RIGHT_INDEX,0.81291,0.64236,0.25423,-0.26937
32,1066,pose_LEFT_THUMB,0.23398,0.62176,0.28582,0.32896
32,1066,pose_RIGHT_THUMB,0.77252,0.63514,0.26168,-0.25538
32,1066,pose_LEFT_HIP,0.99592,0.55667,0.56562,0.09171
32,1066,pose_RIGHT_HIP,0.99621,0.58382,0.57324,-0.09164
32,1066,pose_LEFT_KNEE,0.62406,0.51172,0.78459,0.10834
32,1066,pose_RIGHT_KNEE,0.88127,0.60935,0.81078,-0.04098
32,1066,pose_LEFT_ANKLE,0.71961,0.42835,0.97473,0.14311
32,1066,pose_RIGHT_ANKLE,0.87459,0.62473,1.00378,0.01161
32,1066,pose_LEFT_HEEL,0.72074,0.41491,0.99116,0.14322
32,1066,pose_RIGHT_HEEL,0.79215,0.61499,1.05924,0.01593
32,1066,pose_LEFT_FOOT_INDEX,0.68462,0.44329,1.01797,0.09545
32,1066,pose_RIGHT_FOOT_INDEX,0.81178,0.66695,1.06441,-0.03534
34,1133,pose_LEFT_SHOULDER,0.99677,0.5444,0.23404,0.14977
34,1133,pose_RIGHT_SHOULDER,0.99939,0.54259,0.23104,-0.23442
34,1133,pose_LEFT_ELBOW,0.08388,0.58389,0.36384,0.17632
34,1133,pose_RIGHT_ELBOW,0.95695,0.59069,0.37587,-0.25104
34,1133,pose_LEFT_WRIST,0.17654,0.64279,0.29013,0.04271
34,1133,pose_RIGHT_WRIST,0.87946,0.64322,0.29016,-0.21037
34,1133,pose_LEFT_PINKY,0.21163,0.65605,0.26565,0.02843
34,1133,pose_RIGHT_PINKY,0.83507,0.66099,0.26005,-0.20495
34,1133,pose_LEFT_INDEX,0.21666,0.65541,0.24297,0.01777
34,1133,pose_RIGHT_INDEX,0.82345,0.65272,0.23874,-0.21598
34,1133,pose_LEFT_THUMB,0.22195,0.64883,0.25806,0.03089
34,1133,pose_RIGHT_THUMB,0.7832,0.6454,0.25065,-0.19942
34,1133,pose_LEFT_HIP,0.99432,0.5789,0.56787,0.10404
34,1133,pose_RIGHT_HIP,0.99503,0.59202,0.57766,-0.10387
34,1133,pose_LEFT_KNEE,0.63185,0.50956,0.7862,0.1218
34,1133,pose_RIGHT_KNEE,0.87662,0.61895,0.81,-0.02754
34,1133,pose_LEFT_ANKLE,0.73863,0.43267,0.97082,0.16422
34,1133,pose_RIGHT_ANKLE,0.88339,0.6258,1.02806,0.05939
34,1133,pose_LEFT_HEEL,0.75339,0.40966,0.98581,0.16454
34,1133,pose_RIGHT_HEEL,0.82155,0.61451,1.07532,0.06665
34,1133,pose_LEFT_FOOT_INDEX,0.71025,0.44342,1.01365,0.10731
34,1133,pose_RIGHT_FOOT_INDEX,0.82527,0.674,1.07638,-0.00169
36,1200,pose_LEFT_SHOULDER,0.99711,0.56405,0.23097,0.18697
36,1200,pose_RIGHT_SHOULDER,0.99945,0.55595,0.23014,-0.20952
36,1200,pose_LEFT_ELBOW,0.07902,0.60644,0.3721,0.14018
36,1200,pose_RIGHT_ELBOW,0.96105,0.61063,0.37764,-0.18502
36,1200,pose_LEFT_WRIST,0.17976,0.65953,0.28394,-0.02489
36,1200,pose_RIGHT_WRIST,0.89326,0.66146,0.27257,0.01286
36,1200,pose_LEFT_PINKY,0.22255,0.67175,0.26825,-0.04937
36,1200,pose_RIGHT_PINKY,0.85395,0.67388,0.24206,0.01504
36,1200,pose_LEFT_INDEX,0.22759,0.66759,0.23986,-0.06332
36,1200,pose_RIGHT_INDEX,0.84395,0.66257,0.22538,0.01331
36,1200,pose_LEFT_THUMB,0.23214,0.66448,0.25076,-0.03981
36,1200,pose_RIGHT_THUMB,0.8075,0.65948,0.23519,0.02037
36,1200,pose_LEFT_HIP,0.99318,0.60774,0.54742,0.11913
36,1200,pose_RIGHT_HIP,0.99427,0.60836,0.56371,-0.11894
36,1200,pose_LEFT_KNEE,0.57074,0.62762,0.77721,0.17305
36,1200,pose_RIGHT_KNEE,0.85899,0.63695,0.80657,-0.09009
36,1200,pose_LEFT_ANKLE,0.67773,0.57083,0.96168,0.25913
36,1200,pose_RIGHT_ANKLE,0.87159,0.60384,1.01568,-0.02943
36,1200,pose_LEFT_HEEL,0.71461,0.55565,0.98692,0.26291
36,1200,pose_RIGHT_HEEL,0.83172,0.58309,1.07396,-0.02482
36,1200,pose_LEFT_FOOT_INDEX,0.67586,0.59714,1.00997,0.22215
36,1200,pose_RIGHT_FOOT_INDEX,0.82639,0.63985,1.06794,-0.11169
38,1266,pose_LEFT_SHOULDER,0.9967,0.56173,0.23088,0.14208
38,1266,pose_RIGHT_SHOULDER,0.99945,0.56275,0.22785,-0.21209
38,1266,pose_LEFT_ELBOW,0.07323,0.5997,0.35908,0.27077
38,1266,pose_RIGHT_ELBOW,0.96125,0.61486,0.37355,-0.21892
38,1266,pose_LEFT_WRIST,0.17181,0.65462,0.27476,0.31538
38,1266,pose_RIGHT_WRIST,0.90089,0.66481,0.26315,-0.11513
38,1266,pose_LEFT_PINKY,0.21611,0.66967,0.25345,0.32843
38,1266,pose_RIGHT_PINKY,0.86583,0.67681,0.23393,-0.12556
38,1266,pose_LEFT_INDEX,0.22021,0.67491,0.23518,0.30362
38,1266,pose_RIGHT_INDEX,0.85649,0.66623,0.21848,-0.12324
38,1266,pose_LEFT_THUMB,0.22699,0.66954,0.24521,0.30382
38,1266,pose_RIGHT_THUMB,0.81994,0.66115,0.22648,-0.1101
38,1266,pose_LEFT_HIP,0.98935,0.61685,0.53813,0.1141
38,1266,pose_RIGHT_HIP,0.99315,0.62244,0.55457,-0.11394
38,1266,pose_LEFT_KNEE,0.50669,0.64997,0.69435,0.27043
38,1266,pose_RIGHT_KNEE,0.85465,0.64104,0.78844,-0.05648
38,1266,pose_LEFT_ANKLE,0.59065,0.61691,0.8545,0.42704
38,1266,pose_RIGHT_ANKLE,0.85389,0.63174,1.00342,-0.00168
38,1266,pose_LEFT_HEEL,0.65042,0.60414,0.88426,0.43922
38,1266,pose_RIGHT_HEEL,0.82502,0.61783,1.06434,0.00257
38,1266,pose_LEFT_FOOT_INDEX,0.61001,0.6469,0.88473,0.42652
38,1266,pose_RIGHT_FOOT_INDEX,0.8051,0.67849,1.03385,-0.07372
40,1333,pose_LEFT_SHOULDER,0.9969,0.56603,0.227,0.1696
40,1333,pose_RIGHT_SHOULDER,0.99946,0.56295,0.2277,-0.21051
40,1333,pose_LEFT_ELBOW,0.06763,0.6095,0.33529,0.24607
40,1333,pose_RIGHT_ELBOW,0.96326,0.62255,0.36212,-0.20878
40,1333,pose_LEFT_WRIST,0.17402,0.66784,0.34032,0.22269
40,1333,pose_RIGHT_WRIST,0.90837,0.67526,0.26145,-0.09264
40,1333,pose_LEFT_PINKY,0.22469,0.686,0.3405,0.23531
40,1333,pose_RIGHT_PINKY,0.87762,0.68599,0.23762,-0.09476
40,1333,pose_LEFT_INDEX,0.2294,0.68853,0.32506,0.18167
40,1333,pose_RIGHT_INDEX,0.87002,0.67777,0.21877,-0.08615
40,1333,pose_LEFT_THUMB,0.23515,0.68132,0.32464,0.19833
40,1333,pose_RIGHT_THUMB,0.83415,0.67204,0.22704,-0.08197
40,1333,pose_LEFT_HIP,0.98934,0.63122,0.52792,0.11615
40,1333,pose_RIGHT_HIP,0.99317,0.63537,0.54033,-0.11595
40,1333,pose_LEFT_KNEE,0.46827,0.71065,0.68185,0.15959
40,1333,pose_RIGHT_KNEE,0.86656,0.7449,0.6764,-0.1492
40,1333,pose_LEFT_ANKLE,0.54117,0.62373,0.81616,0.26227
40,1333,pose_RIGHT_ANKLE,0.85111,0.65409,0.84853,-0.02862
40,1333,pose_LEFT_HEEL,0.60563,0.60537,0.82459,0.27135
40,1333,pose_RIGHT_HEEL,0.83479,0.63278,0.85406,-0.01332
40,1333,pose_LEFT_FOOT_INDEX,0.57103,0.62214,0.86558,0.32243
40,1333,pose_RIGHT_FOOT_INDEX,0.81025,0.65918,0.91457,-0.00225
42,1400,pose_LEFT_SHOULDER,0.9966,0.57085,0.22675,0.15204
42,1400,pose_RIGHT_SHOULDER,0.99942,0.56764,0.2268,-0.22238
42,1400,pose_LEFT_ELBOW,0.05965,0.6161,0.34643,0.26997
42,1400,pose_RIGHT_ELBOW,0.95068,0.62476,0.36667,-0.25639
42,1400,pose_LEFT_WRIST,0.1621,0.67513,0.30932,0.27014
42,1400,pose_RIGHT_WRIST,0.90692,0.67377,0.29527,-0.1924
42,1400,pose_LEFT_PINKY,0.21546,0.68998,0.29407,0.27766
42,1400,pose_RIGHT_PINKY,0.88156,0.69209,0.27877,-0.20649
42,1400,pose_LEFT_INDEX,0.22027,0.69646,0.26917,0.25387
42,1400,pose_RIGHT_INDEX,0.87438,0.68109,0.24435,-0.20057
42,1400,pose_LEFT_THUMB,0.22689,0.69065,0.27494,0.25726
42,1400,pose_RIGHT_THUMB,0.83489,0.6726,0.25541,-0.18605
42,1400,pose_LEFT_HIP,0.98779,0.63411,0.52213,0.11567
42,1400,pose_RIGHT_HIP,0.99083,0.63908,0.53219,-0.11544
42,1400,pose_LEFT_KNEE,0.43625,0.70236,0.66623,0.1524
42,1400,pose_RIGHT_KNEE,0.84175,0.70039,0.70107,-0.06631
42,1400,pose_LEFT_ANKLE,0.48019,0.65075,0.85702,0.24455
42,1400,pose_RIGHT_ANKLE,0.8154,0.7015,0.91079,0.00013
42,1400,pose_LEFT_HEEL,0.5534,0.63437,0.88097,0.25065
42,1400,pose_RIGHT_HEEL,0.8187,0.69026,0.94861,0.00617
42,1400,pose_LEFT_FOOT_INDEX,0.5177,0.67523,0.9001,0.22599
42,1400,pose_RIGHT_FOOT_INDEX,0.77609,0.74878,0.91968,-0.03163
44,1466,pose_LEFT_SHOULDER,0.99664,0.57156,0.22628,0.13221
44,1466,pose_RIGHT_SHOULDER,0.99942,0.57037,0.23232,-0.22592
44,1466,pose_LEFT_ELBOW,0.05298,0.61509,0.34762,0.26326
44,1466,pose_RIGHT_ELBOW,0.94141,0.63139,0.37462,-0.25145
44,1466,pose_LEFT_WRIST,0.1495,0.67678,0.3166,0.2695
44,1466,pose_RIGHT_WRIST,0.89948,0.6816,0.30983,-0.20697
44,1466,pose_LEFT_PINKY,0.20352,0.69453,0.3067,0.27643
44,1466,pose_RIGHT_PINKY,0.8788,0.69703,0.29165,-0.21351
44,1466,pose_LEFT_INDEX,0.20822,0.69857,0.28536,0.25256
44,1466,pose_RIGHT_INDEX,0.87233,0.68955,0.25945,-0.21036
44,1466,pose_LEFT_THUMB,0.21587,0.69215,0.29021,0.25707
44,1466,pose_RIGHT_THUMB,0.82921,0.6835,0.27046,-0.20322
44,1466,pose_LEFT_HIP,0.98798,0.63805,0.5186,0.11234
44,1466,pose_RIGHT_HIP,0.98967,0.64791,0.52391,-0.11208
44,1466,pose_LEFT_KNEE,0.44478,0.71072,0.68186,0.15712
44,1466,pose_RIGHT_KNEE,0.82409,0.73151,0.60539,0.04184
44,1466,pose_LEFT_ANKLE,0.45656,0.64931,0.90385,0.24592
44,1466,pose_RIGHT_ANKLE,0.77276,0.75052,0.77597,0.22215
44,1466,pose_LEFT_HEEL,0.54091,0.63462,0.96235,0.25189
44,1466,pose_RIGHT_HEEL,0.79389,0.73922,0.81878,0.24212
44,1466,pose_LEFT_FOOT_INDEX,0.49085,0.68139,0.9395,0.22503
44,1466,pose_RIGHT_FOOT_INDEX,0.73182,0.7994,0.77026,0.2364
46,1533,pose_LEFT_SHOULDER,0.99703,0.5829,0.23636,0.14931
46,1533,pose_RIGHT_SHOULDER,0.99947,0.58323,0.24123,-0.20406
46,1533,pose_LEFT_ELBOW,0.04592,0.63914,0.37619,0.21318
46,1533,pose_RIGHT_ELBOW,0.91946,0.65151,0.38125,-0.21053
46,1533,pose_LEFT_WRIST,0.13092,0.70774,0.37178,0.15705
46,1533,pose_RIGHT_WRIST,0.86731,0.71044,0.31571,-0.09101
46,1533,pose_LEFT_PINKY,0.18003,0.72892,0.36778,0.15389
46,1533,pose_RIGHT_PINKY,0.84909,0.7249,0.30056,-0.10476
46,1533,pose_LEFT_INDEX,0.18421,0.73142,0.35487,0.12447
46,1533,pose_RIGHT_INDEX,0.84285,0.71899,0.27421,-0.09668
46,1533,pose_LEFT_THUMB,0.19247,0.72361,0.35818,0.14035
46,1533,pose_RIGHT_THUMB,0.79933,0.71202,0.2821,-0.08353
46,1533,pose_LEFT_HIP,0.9901,0.64772,0.52769,0.11333
46,1533,pose_RIGHT_HIP,0.99109,0.6614,0.50739,-0.11309
46,1533,pose_LEFT_KNEE,0.46255,0.68243,0.73445,0.15593
46,1533,pose_RIGHT_KNEE,0.76557,0.78636,0.38063,0.01923
46,1533,pose_LEFT_ANKLE,0.47862,0.6737,0.93922,0.18762
46,1533,pose_RIGHT_ANKLE,0.69595,0.89555,0.46178,0.21053
46,1533,pose_LEFT_HEEL,0.5872,0.66466,0.98162,0.18978
46,1533,pose_RIGHT_HEEL,0.74221,0.90616,0.50644,0.23748
46,1533,pose_LEFT_FOOT_INDEX,0.49021,0.70922,0.9664,0.16071
46,1533,pose_RIGHT_FOOT_INDEX,0.65594,0.94465,0.39434,0.17637
48,1600,pose_LEFT_SHOULDER,0.99727,0.59056,0.23837,0.10776
48,1600,pose_RIGHT_SHOULDER,0.9995,0.58779,0.25475,-0.26232
48,1600,pose_LEFT_ELBOW,0.04314,0.65219,0.38255,0.15315
48,1600,pose_RIGHT_ELBOW,0.88426,0.65643,0.3944,-0.23659
48,1600,pose_LEFT_WRIST,0.11663,0.72057,0.37609,0.07145
48,1600,pose_RIGHT_WRIST,0.8338,0.72246,0.3472,-0.10085
48,1600,pose_LEFT_PINKY,0.16065,0.74016,0.37487,0.06388
48,1600,pose_RIGHT_PINKY,0.82058,0.73952,0.33986,-0.11491
48,1600,pose_LEFT_INDEX,0.1648,0.74101,0.36189,0.03203
48,1600,pose_RIGHT_INDEX,0.81708,0.73209,0.31192,-0.11066
48,1600,pose_LEFT_THUMB,0.17386,0.73308,0.36399,0.05305
48,1600,pose_RIGHT_THUMB,0.77356,0.72433,0.3157,-0.0946
48,1600,pose_LEFT_HIP,0.99066,0.6575,0.49274,0.11799
48,1600,pose_RIGHT_HIP,0.99128,0.6608,0.51036,-0.11755
48,1600,pose_LEFT_KNEE,0.43076,0.7547,0.40105,0.14048
48,1600,pose_RIGHT_KNEE,0.74896,0.78167,0.40037,-0.08796
48,1600,pose_LEFT_ANKLE,0.44695,0.84042,0.45308,0.20654
48,1600,pose_RIGHT_ANKLE,0.6735,0.91906,0.39371,-0.02327
48,1600,pose_LEFT_HEEL,0.55774,0.85048,0.4833,0.20844
48,1600,pose_RIGHT_HEEL,0.72282,0.93972,0.42143,-0.01871
48,1600,pose_LEFT_FOOT_INDEX,0.45025,0.87078,0.39628,0.15946
48,1600,pose_RIGHT_FOOT_INDEX,0.63165,0.95325,0.29116,-0.08379
50,1666,pose_LEFT_SHOULDER,0.99755,0.61418,0.23792,0.06196
50,1666,pose_RIGHT_SHOULDER,0.99957,0.58892,0.25635,-0.27084
50,1666,pose_LEFT_ELBOW,0.04949,0.67358,0.37412,0.03295
50,1666,pose_RIGHT_ELBOW,0.88239,0.66437,0.38909,-0.22287
50,1666,pose_LEFT_WRIST,0.11886,0.72602,0.42812,-0.15964
50,1666,pose_RIGHT_WRIST,0.83795,0.72982,0.30484,-0.07567
50,1666,pose_LEFT_PINKY,0.16166,0.74248,0.42967,-0.18553
50,1666,pose_RIGHT_PINKY,0.8235,0.73734,0.30671,-0.08477
50,1666,pose_LEFT_INDEX,0.16645,0.74204,0.40033,-0.20951
50,1666,pose_RIGHT_INDEX,0.82162,0.73492,0.28227,-0.08758
50,1666,pose_LEFT_THUMB,0.17559,0.73424,0.411,-0.17666
50,1666,pose_RIGHT_THUMB,0.78009,0.72683,0.29018,-0.07069
50,1666,pose_LEFT_HIP,0.99167,0.67565,0.47287,0.09802
50,1666,pose_RIGHT_HIP,0.99242,0.65792,0.51139,-0.09793
50,1666,pose_LEFT_KNEE,0.47919,0.78892,0.39639,0.06136
50,1666,pose_RIGHT_KNEE,0.77537,0.69348,0.70091,-0.06689
50,1666,pose_LEFT_ANKLE,0.48996,0.89021,0.39893,0.11844
50,1666,pose_RIGHT_ANKLE,0.71053,0.68532,0.90447,0.02326
50,1666,pose_LEFT_HEEL,0.58944,0.90215,0.42291,0.11799
50,1666,pose_RIGHT_HEEL,0.73987,0.66947,0.93997,0.02721
50,1666,pose_LEFT_FOOT_INDEX,0.48722,0.93665,0.34359,0.05958
50,1666,pose_RIGHT_FOOT_INDEX,0.66559,0.7202,0.93764,-0.05464
52,1733,pose_LEFT_SHOULDER,0.9977,0.61066,0.24073,0.10598
52,1733,pose_RIGHT_SHOULDER,0.99955,0.59418,0.25444,-0.23691
52,1733,pose_LEFT_ELBOW,0.04751,0.66615,0.38716,0.11117
52,1733,pose_RIGHT_ELBOW,0.87087,0.66541,0.39063,-0.22679
52,1733,pose_LEFT_WRIST,0.1108,0.73013,0.41301,0.03749
52,1733,pose_RIGHT_WRIST,0.8251,0.71486,0.27862,-0.11248
52,1733,pose_LEFT_PINKY,0.15054,0.74977,0.4104,0.03052
52,1733,pose_RIGHT_PINKY,0.81147,0.72904,0.25357,-0.12553
52,1733,pose_LEFT_INDEX,0.15474,0.75098,0.3997,0.00212
52,1733,pose_RIGHT_INDEX,0.80963,0.72394,0.23156,-0.11959
52,1733,pose_LEFT_THUMB,0.16522,0.74226,0.40518,0.0209
52,1733,pose_RIGHT_THUMB,0.76666,0.71758,0.2438,-0.10614
52,1733,pose_LEFT_HIP,0.99134,0.66873,0.48372,0.10745
52,1733,pose_RIGHT_HIP,0.99175,0.66471,0.5064,-0.10721
52,1733,pose_LEFT_KNEE,0.43722,0.74915,0.49198,0.11814
52,1733,pose_RIGHT_KNEE,0.7657,0.77773,0.41693,-0.11592
52,1733,pose_LEFT_ANKLE,0.45748,0.80996,0.61436,0.18206
52,1733,pose_RIGHT_ANKLE,0.6809,0.86297,0.56069,-0.0184
52,1733,pose_LEFT_HEEL,0.56055,0.81125,0.6532,0.18327
52,1733,pose_RIGHT_HEEL,0.71489,0.8657,0.5963,-0.0087
52,1733,pose_LEFT_FOOT_INDEX,0.4469,0.85774,0.58443,0.14696
52,1733,pose_RIGHT_FOOT_INDEX,0.62814,0.91706,0.51813,-0.04391
54,1800,pose_LEFT_SHOULDER,0.99776,0.60777,0.23556,0.09572
54,1800,pose_RIGHT_SHOULDER,0.99947,0.60359,0.24564,-0.22952
54,1800,pose_LEFT_ELBOW,0.04384,0.66006,0.35378,0.16246
54,1800,pose_RIGHT_ELBOW,0.84663,0.66743,0.38501,-0.22713
54,1800,pose_LEFT_WRIST,0.11141,0.72966,0.2707,0.13537
54,1800,pose_RIGHT_WRIST,0.80889,0.71078,0.27839,-0.13261
54,1800,pose_LEFT_PINKY,0.15074,0.73082,0.2294,0.13396
54,1800,pose_RIGHT_PINKY,0.79587,0.72674,0.25057,-0.15162
54,1800,pose_LEFT_INDEX,0.15469,0.74976,0.22496,0.10561
54,1800,pose_RIGHT_INDEX,0.79264,0.71813,0.2269,-0.13933
54,1800,pose_LEFT_THUMB,0.16668,0.74175,0.23675,0.12044
54,1800,pose_RIGHT_THUMB,0.74687,0.71345,0.23739,-0.12482
54,1800,pose_LEFT_HIP,0.99243,0.66184,0.49067,0.10395
54,1800,pose_RIGHT_HIP,0.992,0.66793,0.49723,-0.10368
54,1800,pose_LEFT_KNEE,0.40748,0.68044,0.69809,0.18265
54,1800,pose_RIGHT_KNEE,0.69524,0.78114,0.41108,0.04963
54,1800,pose_LEFT_ANKLE,0.42938,0.68297,0.87477,0.27525
54,1800,pose_RIGHT_ANKLE,0.59651,0.86356,0.50078,0.23532
54,1800,pose_LEFT_HEEL,0.55549,0.67367,0.91007,0.28393
54,1800,pose_RIGHT_HEEL,0.65813,0.86791,0.53712,0.25561
54,1800,pose_LEFT_FOOT_INDEX,0.40777,0.71628,0.89477,0.25626
54,1800,pose_RIGHT_FOOT_INDEX,0.54709,0.90705,0.4595,0.25713
56,1866,pose_LEFT_SHOULDER,0.99812,0.60667,0.22298,0.12836
56,1866,pose_RIGHT_SHOULDER,0.99955,0.60692,0.22472,-0.23185
56,1866,pose_LEFT_ELBOW,0.0445,0.65826,0.33969,0.21345
56,1866,pose_RIGHT_ELBOW,0.86184,0.66423,0.37357,-0.22835
56,1866,pose_LEFT_WRIST,0.13529,0.71421,0.24255,0.17956
56,1866,pose_RIGHT_WRIST,0.82323,0.70783,0.26867,-0.09043
56,1866,pose_LEFT_PINKY,0.17451,0.72635,0.20111,0.17753
56,1866,pose_RIGHT_PINKY,0.8035,0.72532,0.2196,-0.09883
56,1866,pose_LEFT_INDEX,0.17839,0.73383,0.19272,0.15572
56,1866,pose_RIGHT_INDEX,0.79879,0.71476,0.21443,-0.09028
56,1866,pose_LEFT_THUMB,0.19225,0.72648,0.20428,0.16697
56,1866,pose_RIGHT_THUMB,0.7542,0.70926,0.2262,-0.08108
56,1866,pose_LEFT_HIP,0.99381,0.65074,0.51472,0.10945
56,1866,pose_RIGHT_HIP,0.99333,0.66954,0.50005,-0.10925
56,1866,pose_LEFT_KNEE,0.4664,0.66559,0.7316,0.17306
56,1866,pose_RIGHT_KNEE,0.69365,0.79229,0.44177,0.04984
56,1866,pose_LEFT_ANKLE,0.478,0.64483,0.95681,0.20676
56,1866,pose_RIGHT_ANKLE,0.57196,0.80043,0.60232,0.29723
56,1866,pose_LEFT_HEEL,0.60845,0.62663,1.00041,0.20932
56,1866,pose_RIGHT_HEEL,0.65637,0.78201,0.6409,0.32586
56,1866,pose_LEFT_FOOT_INDEX,0.44696,0.67989,0.98551,0.19135
56,1866,pose_RIGHT_FOOT_INDEX,0.52457,0.84128,0.6073,0.37312
58,1933,pose_LEFT_SHOULDER,0.99816,0.61222,0.21995,0.15348
58,1933,pose_RIGHT_SHOULDER,0.99952,0.60833,0.20832,-0.18354
58,1933,pose_LEFT_ELBOW,0.0434,0.66002,0.34072,0.20853
58,1933,pose_RIGHT_ELBOW,0.87074,0.66132,0.36239,-0.21114
58,1933,pose_LEFT_WRIST,0.15072,0.71393,0.25138,0.1581
58,1933,pose_RIGHT_WRIST,0.83062,0.7065,0.2482,-0.14915
58,1933,pose_LEFT_PINKY,0.19442,0.72504,0.21374,0.1561
58,1933,pose_RIGHT_PINKY,0.80848,0.7207,0.21,-0.16315
58,1933,pose_LEFT_INDEX,0.19766,0.7284,0.19571,0.13195
58,1933,pose_RIGHT_INDEX,0.80199,0.71287,0.19658,-0.14873
58,1933,pose_LEFT_THUMB,0.2093,0.72893,0.21493,0.14398
58,1933,pose_RIGHT_THUMB,0.75615,0.70828,0.20601,-0.13994
58,1933,pose_LEFT_HIP,0.99389,0.64736,0.51326,0.10458
58,1933,pose_RIGHT_HIP,0.99302,0.66561,0.50086,-0.10434
58,1933,pose_LEFT_KNEE,0.47819,0.69825,0.70649,0.12405
58,1933,pose_RIGHT_KNEE,0.69368,0.75517,0.5935,-0.04605
58,1933,pose_LEFT_ANKLE,0.46231,0.66052,0.89152,0.16408
58,1933,pose_RIGHT_ANKLE,0.54534,0.73487,0.80622,0.04788
58,1933,pose_LEFT_HEEL,0.59141,0.64743,0.93836,0.1663
58,1933,pose_RIGHT_HEEL,0.63609,0.71759,0.84771,0.05869
58,1933,pose_LEFT_FOOT_INDEX,0.42735,0.68804,0.91176,0.1439
58,1933,pose_RIGHT_FOOT_INDEX,0.50413,0.77683,0.83003,0.04906
60,2000,pose_LEFT_SHOULDER,0.99804,0.61008,0.21211,0.15018
60,2000,pose_RIGHT_SHOULDER,0.9995,0.62003,0.20739,-0.19503
60,2000,pose_LEFT_ELBOW,0.04388,0.65462,0.3213,0.26431
60,2000,pose_RIGHT_ELBOW,0.885,0.66609,0.34164,-0.21437
60,2000,pose_LEFT_WRIST,0.15359,0.71857,0.26198,0.29395
60,2000,pose_RIGHT_WRIST,0.84079,0.7173,0.26968,-0.07816
60,2000,pose_LEFT_PINKY,0.19934,0.73157,0.24078,0.31026
60,2000,pose_RIGHT_PINKY,0.81989,0.7315,0.2579,-0.07943
60,2000,pose_LEFT_INDEX,0.20238,0.73679,0.22417,0.28476
60,2000,pose_RIGHT_INDEX,0.81368,0.72581,0.23353,-0.0669
60,2000,pose_LEFT_THUMB,0.21255,0.73285,0.23407,0.28228
60,2000,pose_RIGHT_THUMB,0.76668,0.71697,0.23433,-0.06717
60,2000,pose_LEFT_HIP,0.99397,0.64536,0.52312,0.10277
60,2000,pose_RIGHT_HIP,0.99289,0.66517,0.52154,-0.10267
60,2000,pose_LEFT_KNEE,0.4711,0.70697,0.7017,0.15347
60,2000,pose_RIGHT_KNEE,0.73283,0.76283,0.64553,-0.0758
60,2000,pose_LEFT_ANKLE,0.47656,0.66339,0.87403,0.18366
60,2000,pose_RIGHT_ANKLE,0.60645,0.68472,0.82592,-0.0421
60,2000,pose_LEFT_HEEL,0.59094,0.64929,0.89152,0.18545
60,2000,pose_RIGHT_HEEL,0.67963,0.66191,0.84489,-0.03615
60,2000,pose_LEFT_FOOT_INDEX,0.457,0.68487,0.90781,0.15875
60,2000,pose_RIGHT_FOOT_INDEX,0.57128,0.69534,0.88704,-0.04074
62,2066,pose_LEFT_SHOULDER,0.99813,0.60935,0.20386,0.14064
62,2066,pose_RIGHT_SHOULDER,0.99954,0.62901,0.20851,-0.21758
62,2066,pose_LEFT_ELBOW,0.04156,0.63991,0.32805,0.2277
62,2066,pose_RIGHT_ELBOW,0.89654,0.67073,0.3385,-0.17691
62,2066,pose_LEFT_WRIST,0.14071,0.69483,0.36102,0.21771
62,2066,pose_RIGHT_WRIST,0.84468,0.71913,0.28821,0.01728
62,2066,pose_LEFT_PINKY,0.18697,0.7094,0.36746,0.22378
62,2066,pose_RIGHT_PINKY,0.82649,0.73358,0.28227,0.02642
62,2066,pose_LEFT_INDEX,0.19,0.7136,0.35609,0.2013
62,2066,pose_RIGHT_INDEX,0.82154,0.72742,0.25446,0.03235
62,2066,pose_LEFT_THUMB,0.19957,0.70829,0.35448,0.20557
62,2066,pose_RIGHT_THUMB,0.77593,0.72005,0.26247,0.02768
62,2066,pose_LEFT_HIP,0.99314,0.64585,0.52225,0.10621
62,2066,pose_RIGHT_HIP,0.99302,0.66361,0.53069,-0.10613
62,2066,pose_LEFT_KNEE,0.46883,0.70301,0.69605,0.20847
62,2066,pose_RIGHT_KNEE,0.76823,0.72057,0.72371,-0.1301
62,2066,pose_LEFT_ANKLE,0.48376,0.63069,0.86072,0.33591
62,2066,pose_RIGHT_ANKLE,0.6637,0.62578,0.90193,-0.07502
62,2066,pose_LEFT_HEEL,0.58399,0.61331,0.87161,0.3446
62,2066,pose_RIGHT_HEEL,0.72262,0.60216,0.9198,-0.06852
62,2066,pose_LEFT_FOOT_INDEX,0.48019,0.63765,0.90271,0.33349
62,2066,pose_RIGHT_FOOT_INDEX,0.63232,0.62586,0.97011,-0.10386
64,2133,pose_LEFT_SHOULDER,0.99824,0.61076,0.19825,0.10929
64,2133,pose_RIGHT_SHOULDER,0.99959,0.62808,0.20729,-0.228
64,2133,pose_LEFT_ELBOW,0.04194,0.64035,0.3024,0.25722
64,2133,pose_RIGHT_ELBOW,0.90845,0.67093,0.33618,-0.19058
64,2133,pose_LEFT_WRIST,0.13322,0.7017,0.2721,0.27226
64,2133,pose_RIGHT_WRIST,0.85369,0.7203,0.28474,-0.01875
64,2133,pose_LEFT_PINKY,0.18053,0.71885,0.25667,0.28012
64,2133,pose_RIGHT_PINKY,0.8369,0.7345,0.27507,-0.018
64,2133,pose_LEFT_INDEX,0.18374,0.72254,0.24895,0.25467
64,2133,pose_RIGHT_INDEX,0.83253,0.7288,0.25102,-0.01845
64,2133,pose_LEFT_THUMB,0.19415,0.71687,0.25745,0.25981
64,2133,pose_RIGHT_THUMB,0.7892,0.72322,0.2592,-0.01286
64,2133,pose_LEFT_HIP,0.99285,0.64654,0.5189,0.10719
64,2133,pose_RIGHT_HIP,0.9936,0.65954,0.53144,-0.10707
64,2133,pose_LEFT_KNEE,0.45663,0.67222,0.69164,0.29546
64,2133,pose_RIGHT_KNEE,0.79855,0.68374,0.73266,-0.10341
64,2133,pose_LEFT_ANKLE,0.47418,0.60894,0.82482,0.4814
64,2133,pose_RIGHT_ANKLE,0.71465,0.63182,0.93985,-0.0244
64,2133,pose_LEFT_HEEL,0.5736,0.59237,0.84258,0.49715
64,2133,pose_RIGHT_HEEL,0.76228,0.62071,0.9839,-0.0184
64,2133,pose_LEFT_FOOT_INDEX,0.48751,0.61456,0.85089,0.49546
64,2133,pose_RIGHT_FOOT_INDEX,0.68491,0.6676,0.97749,-0.07416
66,2200,pose_LEFT_SHOULDER,0.99836,0.62902,0.19956,0.19171
66,2200,pose_RIGHT_SHOULDER,0.99963,0.62745,0.20485,-0.21714
66,2200,pose_LEFT_ELBOW,0.04551,0.6673,0.30285,0.21696
66,2200,pose_RIGHT_ELBOW,0.922,0.68005,0.33545,-0.17514
66,2200,pose_LEFT_WRIST,0.13937,0.71285,0.25307,0.07804
66,2200,pose_RIGHT_WRIST,0.87108,0.7259,0.26208,0.03799
66,2200,pose_LEFT_PINKY,0.18712,0.72841,0.22893,0.06448
66,2200,pose_RIGHT_PINKY,0.8531,0.73695,0.23734,0.04387
66,2200,pose_LEFT_INDEX,0.19076,0.72982,0.2174,0.05248
66,2200,pose_RIGHT_INDEX,0.84886,0.73055,0.21926,0.03926
66,2200,pose_LEFT_THUMB,0.20212,0.7235,0.22929,0.06546
66,2200,pose_RIGHT_THUMB,0.80952,0.72599,0.23219,0.04482
66,2200,pose_LEFT_HIP,0.99228,0.64778,0.5296,0.1193
66,2200,pose_RIGHT_HIP,0.99348,0.64625,0.5412,-0.11914
66,2200,pose_LEFT_KNEE,0.44977,0.64806,0.74609,0.17452
66,2200,pose_RIGHT_KNEE,0.81648,0.64819,0.774,-0.1237
66,2200,pose_LEFT_ANKLE,0.47269,0.58122,0.96323,0.22807
66,2200,pose_RIGHT_ANKLE,0.74781,0.60966,1.00195,-0.10587
66,2200,pose_LEFT_HEEL,0.57438,0.56212,0.99097,0.22795
66,2200,pose_RIGHT_HEEL,0.78899,0.58618,1.03778,-0.1061
66,2200,pose_LEFT_FOOT_INDEX,0.50508,0.60603,1.01719,0.182
66,2200,pose_RIGHT_FOOT_INDEX,0.7229,0.65068,1.05548,-0.17831
68,2266,pose_LEFT_SHOULDER,0.99863,0.63171,0.201,0.20726
68,2266,pose_RIGHT_SHOULDER,0.9997,0.6264,0.20125,-0.17703
68,2266,pose_LEFT_ELBOW,0.0515,0.66877,0.31093,0.19342
68,2266,pose_RIGHT_ELBOW,0.93534,0.68371,0.35125,-0.13554
68,2266,pose_LEFT_WRIST,0.15571,0.7151,0.26956,0.04387
68,2266,pose_RIGHT_WRIST,0.89015,0.72588,0.26142,0.08136
68,2266,pose_LEFT_PINKY,0.2028,0.73403,0.25349,0.02515
68,2266,pose_RIGHT_PINKY,0.87131,0.73974,0.23879,0.08938
68,2266,pose_LEFT_INDEX,0.20726,0.7344,0.24314,0.01123
68,2266,pose_RIGHT_INDEX,0.86741,0.73028,0.22,0.08557
68,2266,pose_LEFT_THUMB,0.21808,0.72606,0.25139,0.02963
68,2266,pose_RIGHT_THUMB,0.83261,0.72527,0.22849,0.08852
68,2266,pose_LEFT_HIP,0.99321,0.6492,0.53786,0.12105
68,2266,pose_RIGHT_HIP,0.99412,0.64381,0.54372,-0.12094
68,2266,pose_LEFT_KNEE,0.4698,0.63529,0.76975,0.10515
68,2266,pose_RIGHT_KNEE,0.84235,0.63853,0.80258,-0.1301
68,2266,pose_LEFT_ANKLE,0.49866,0.54428,0.96186,0.12078
68,2266,pose_RIGHT_ANKLE,0.78359,0.52718,0.97382,-0.12226
68,2266,pose_LEFT_HEEL,0.59231,0.52896,0.98944,0.11682
68,2266,pose_RIGHT_HEEL,0.81614,0.51231,0.99578,-0.12191
68,2266,pose_LEFT_FOOT_INDEX,0.54096,0.60348,1.05384,0.06391
68,2266,pose_RIGHT_FOOT_INDEX,0.76242,0.59241,1.08575,-0.18698
70,2333,pose_LEFT_SHOULDER,0.99878,0.63475,0.20166,0.23017
70,2333,pose_RIGHT_SHOULDER,0.99974,0.62464,0.20074,-0.14291
70,2333,pose_LEFT_ELBOW,0.05449,0.66771,0.32314,0.17419
70,2333,pose_RIGHT_ELBOW,0.94488,0.67452,0.34493,-0.10267
70,2333,pose_LEFT_WRIST,0.16132,0.71828,0.31917,-0.00404
70,2333,pose_RIGHT_WRIST,0.90232,0.72925,0.25864,0.11596
70,2333,pose_LEFT_PINKY,0.20821,0.73718,0.32029,-0.0329
70,2333,pose_RIGHT_PINKY,0.88228,0.7411,0.23773,0.12054
70,2333,pose_LEFT_INDEX,0.21483,0.7384,0.30804,-0.04873
70,2333,pose_RIGHT_INDEX,0.87893,0.73283,0.21914,0.11464
70,2333,pose_LEFT_THUMB,0.22687,0.72947,0.30907,-0.02074
70,2333,pose_RIGHT_THUMB,0.84658,0.72824,0.22605,0.12222
70,2333,pose_LEFT_HIP,0.99394,0.65235,0.53718,0.11642
70,2333,pose_RIGHT_HIP,0.99467,0.63122,0.54224,-0.11627
70,2333,pose_LEFT_KNEE,0.50424,0.64692,0.7731,0.13111
70,2333,pose_RIGHT_KNEE,0.86681,0.5912,0.7743,-0.13798
70,2333,pose_LEFT_ANKLE,0.54403,0.64097,0.97428,0.20025
70,2333,pose_RIGHT_ANKLE,0.81588,0.48778,0.97475,-0.09501
70,2333,pose_LEFT_HEEL,0.61187,0.6162,1.02869,0.20143
70,2333,pose_RIGHT_HEEL,0.82871,0.46471,0.98186,-0.09225
70,2333,pose_LEFT_FOOT_INDEX,0.58089,0.66784,1.05339,0.14039
70,2333,pose_RIGHT_FOOT_INDEX,0.79472,0.50817,1.07167,-0.17257
72,2400,pose_LEFT_SHOULDER,0.99888,0.63837,0.20307,0.19975
72,2400,pose_RIGHT_SHOULDER,0.99977,0.62157,0.20111,-0.16024
72,2400,pose_LEFT_ELBOW,0.06282,0.67289,0.33516,0.1086
72,2400,pose_RIGHT_ELBOW,0.95191,0.67819,0.35055,-0.13257
72,2400,pose_LEFT_WRIST,0.17992,0.72379,0.28669,-0.12839
72,2400,pose_RIGHT_WRIST,0.91288,0.72775,0.2503,0.09114
72,2400,pose_LEFT_PINKY,0.22359,0.74182,0.2796,-0.16193
72,2400,pose_RIGHT_PINKY,0.89127,0.74054,0.21865,0.09808
72,2400,pose_LEFT_INDEX,0.23116,0.74005,0.25212,-0.16587
72,2400,pose_RIGHT_INDEX,0.88781,0.73228,0.19867,0.09245
72,2400,pose_LEFT_THUMB,0.24406,0.73347,0.27703,-0.14116
72,2400,pose_RIGHT_THUMB,0.85708,0.72713,0.20876,0.09796
72,2400,pose_LEFT_HIP,0.99475,0.65063,0.54479,0.10543
72,2400,pose_RIGHT_HIP,0.99535,0.61884,0.54336,-0.10538
72,2400,pose_LEFT_KNEE,0.53932,0.64891,0.78088,0.14987
72,2400,pose_RIGHT_KNEE,0.88469,0.56908,0.77236,-0.09994
72,2400,pose_LEFT_ANKLE,0.58385,0.63242,0.98014,0.25346
72,2400,pose_RIGHT_ANKLE,0.84045,0.47548,0.97781,-0.03091
72,2400,pose_LEFT_HEEL,0.63328,0.61133,1.02258,0.25799
72,2400,pose_RIGHT_HEEL,0.83535,0.45581,0.98678,-0.0269
72,2400,pose_LEFT_FOOT_INDEX,0.61728,0.65816,1.0459,0.18936
72,2400,pose_RIGHT_FOOT_INDEX,0.81938,0.49979,1.07119,-0.12158
74,2466,pose_LEFT_SHOULDER,0.99894,0.62774,0.20829,0.19672
74,2466,pose_RIGHT_SHOULDER,0.99979,0.62068,0.20639,-0.17885
74,2466,pose_LEFT_ELBOW,0.06373,0.66627,0.34728,0.13699
74,2466,pose_RIGHT_ELBOW,0.95408,0.67568,0.35308,-0.13053
74,2466,pose_LEFT_WRIST,0.18242,0.7174,0.30984,-0.06792
74,2466,pose_RIGHT_WRIST,0.91471,0.72218,0.25388,0.09849
74,2466,pose_LEFT_PINKY,0.22477,0.734,0.2987,-0.09415
74,2466,pose_RIGHT_PINKY,0.89035,0.73494,0.22338,0.10585
74,2466,pose_LEFT_INDEX,0.23273,0.7353,0.28672,-0.10413
74,2466,pose_RIGHT_INDEX,0.88638,0.72803,0.20203,0.09964
74,2466,pose_LEFT_THUMB,0.24608,0.72731,0.29532,-0.08182
74,2466,pose_RIGHT_THUMB,0.85541,0.7202,0.21196,0.10474
74,2466,pose_LEFT_HIP,0.9952,0.63542,0.5499,0.10633
74,2466,pose_RIGHT_HIP,0.99577,0.617,0.55101,-0.10626
74,2466,pose_LEFT_KNEE,0.53676,0.63985,0.78881,0.17714
74,2466,pose_RIGHT_KNEE,0.8929,0.56656,0.78048,-0.1129
74,2466,pose_LEFT_ANKLE,0.5911,0.61685,0.99412,0.27179
74,2466,pose_RIGHT_ANKLE,0.8523,0.47694,0.99201,-0.07903
74,2466,pose_LEFT_HEEL,0.63129,0.60185,1.03123,0.27551
74,2466,pose_RIGHT_HEEL,0.83086,0.457,1.00686,-0.07775
74,2466,pose_LEFT_FOOT_INDEX,0.62111,0.6533,1.04031,0.22403
74,2466,pose_RIGHT_FOOT_INDEX,0.82671,0.52339,1.08912,-0.16411
76,2533,pose_LEFT_SHOULDER,0.99878,0.60704,0.20997,0.13838
76,2533,pose_RIGHT_SHOULDER,0.99969,0.61771,0.2097,-0.21134
76,2533,pose_LEFT_ELBOW,0.06333,0.64787,0.34912,0.16362
76,2533,pose_RIGHT_ELBOW,0.95138,0.67641,0.35335,-0.1495
76,2533,pose_LEFT_WRIST,0.18155,0.70284,0.32841,0.06967
76,2533,pose_RIGHT_WRIST,0.91016,0.71743,0.24496,0.08324
76,2533,pose_LEFT_PINKY,0.2211,0.71894,0.32394,0.0539
76,2533,pose_RIGHT_PINKY,0.88423,0.73019,0.2081,0.08767
76,2533,pose_LEFT_INDEX,0.22997,0.7233,0.31143,0.03246
76,2533,pose_RIGHT_INDEX,0.88009,0.7184,0.19035,0.07488
76,2533,pose_LEFT_THUMB,0.24403,0.71601,0.31568,0.05427
76,2533,pose_RIGHT_THUMB,0.84938,0.71276,0.20745,0.08411
76,2533,pose_LEFT_HIP,0.9949,0.62362,0.56203,0.10294
76,2533,pose_RIGHT_HIP,0.99541,0.61161,0.56563,-0.10294
76,2533,pose_LEFT_KNEE,0.5095,0.63592,0.79367,0.205
76,2533,pose_RIGHT_KNEE,0.87814,0.55474,0.78082,-0.05551
76,2533,pose_LEFT_ANKLE,0.56697,0.61864,0.99945,0.32929
76,2533,pose_RIGHT_ANKLE,0.83443,0.48131,0.99512,0.03756
76,2533,pose_LEFT_HEEL,0.61086,0.60846,1.03786,0.33663
76,2533,pose_RIGHT_HEEL,0.80124,0.46516,1.01073,0.04465
76,2533,pose_LEFT_FOOT_INDEX,0.59543,0.66263,1.04215,0.29079
76,2533,pose_RIGHT_FOOT_INDEX,0.80014,0.52973,1.08781,-0.0384
78,2600,pose_LEFT_SHOULDER,0.99828,0.60007,0.21483,0.14832
78,2600,pose_RIGHT_SHOULDER,0.99951,0.60755,0.21118,-0.20166
78,2600,pose_LEFT_ELBOW,0.06282,0.63616,0.36789,0.23583
78,2600,pose_RIGHT_ELBOW,0.95222,0.6572,0.37007,-0.17954
78,2600,pose_LEFT_WRIST,0.1717,0.69095,0.37979,0.2222
78,2600,pose_RIGHT_WRIST,0.90857,0.70282,0.26071,-0.03616
78,2600,pose_LEFT_PINKY,0.20935,0.70606,0.38427,0.22502
78,2600,pose_RIGHT_PINKY,0.88263,0.71848,0.22294,-0.03983
78,2600,pose_LEFT_INDEX,0.21696,0.71037,0.36827,0.20421
78,2600,pose_RIGHT_INDEX,0.87741,0.71061,0.206,-0.03886
78,2600,pose_LEFT_THUMB,0.23042,0.70426,0.37135,0.21094
78,2600,pose_RIGHT_THUMB,0.84649,0.70353,0.22006,-0.03046
78,2600,pose_LEFT_HIP,0.99387,0.60791,0.56324,0.09982
78,2600,pose_RIGHT_HIP,0.99389,0.6108,0.56978,-0.09976
78,2600,pose_LEFT_KNEE,0.47894,0.56641,0.79585,0.15052
78,2600,pose_RIGHT_KNEE,0.84595,0.58818,0.8343,-0.01514
78,2600,pose_LEFT_ANKLE,0.54362,0.48691,0.99882,0.21096
78,2600,pose_RIGHT_ANKLE,0.79174,0.58944,1.05233,0.084
78,2600,pose_LEFT_HEEL,0.60416,0.49897,1.0491,0.2134
78,2600,pose_RIGHT_HEEL,0.77759,0.57887,1.09746,0.0931
78,2600,pose_LEFT_FOOT_INDEX,0.57296,0.54977,1.04931,0.16024
78,2600,pose_RIGHT_FOOT_INDEX,0.75536,0.63714,1.10594,0.02505
80,2666,pose_LEFT_SHOULDER,0.99813,0.59913,0.21734,0.11459
80,2666,pose_RIGHT_SHOULDER,0.99946,0.59407,0.2124,-0.24706
80,2666,pose_LEFT_ELBOW,0.05997,0.63103,0.36301,0.14065
80,2666,pose_RIGHT_ELBOW,0.95249,0.64433,0.37672,-0.20233
80,2666,pose_LEFT_WRIST,0.16517,0.68478,0.3584,-0.00678
80,2666,pose_RIGHT_WRIST,0.90536,0.6941,0.26704,0.00805
80,2666,pose_LEFT_PINKY,0.20256,0.70041,0.35659,-0.03342
80,2666,pose_RIGHT_PINKY,0.87847,0.70998,0.23331,0.00742
80,2666,pose_LEFT_INDEX,0.21066,0.70468,0.34148,-0.05184
80,2666,pose_RIGHT_INDEX,0.87265,0.69864,0.21412,0.00049
80,2666,pose_LEFT_THUMB,0.22475,0.69711,0.35038,-0.02339
80,2666,pose_RIGHT_THUMB,0.84226,0.68843,0.23216,0.01265
80,2666,pose_LEFT_HIP,0.99379,0.60653,0.5823,0.09956
80,2666,pose_RIGHT_HIP,0.9937,0.59327,0.58623,-0.0995
80,2666,pose_LEFT_KNEE,0.48327,0.60187,0.80048,0.22904
80,2666,pose_RIGHT_KNEE,0.84869,0.53265,0.82225,-0.01705
80,2666,pose_LEFT_ANKLE,0.54127,0.60221,1.01122,0.37733
80,2666,pose_RIGHT_ANKLE,0.78752,0.48636,1.03311,0.09807
80,2666,pose_LEFT_HEEL,0.60163,0.59023,1.051,0.38751
80,2666,pose_RIGHT_HEEL,0.76523,0.48175,1.08403,0.10818
80,2666,pose_LEFT_FOOT_INDEX,0.56804,0.64971,1.05965,0.33965
80,2666,pose_RIGHT_FOOT_INDEX,0.74188,0.53983,1.11025,0.02257
82,2733,pose_LEFT_SHOULDER,0.99822,0.60174,0.22407,0.16694
82,2733,pose_RIGHT_SHOULDER,0.99953,0.58099,0.2108,-0.19065
82,2733,pose_LEFT_ELBOW,0.06635,0.63128,0.37935,0.10152
82,2733,pose_RIGHT_ELBOW,0.95671,0.61351,0.38969,-0.17503
82,2733,pose_LEFT_WRIST,0.19221,0.67732,0.3444,-0.11319
82,2733,pose_RIGHT_WRIST,0.91195,0.67251,0.28525,0.02892
82,2733,pose_LEFT_PINKY,0.22641,0.69304,0.337,-0.14777
82,2733,pose_RIGHT_PINKY,0.88255,0.69287,0.25016,0.03109
82,2733,pose_LEFT_INDEX,0.23463,0.69395,0.32112,-0.15661
82,2733,pose_RIGHT_INDEX,0.87607,0.68647,0.23184,0.02572
82,2733,pose_LEFT_THUMB,0.2491,0.68629,0.32583,-0.12695
82,2733,pose_RIGHT_THUMB,0.84607,0.67678,0.25235,0.03483
82,2733,pose_LEFT_HIP,0.99369,0.60856,0.58084,0.1002
82,2733,pose_RIGHT_HIP,0.99399,0.58506,0.58014,-0.10008
82,2733,pose_LEFT_KNEE,0.49168,0.60806,0.80345,0.22329
82,2733,pose_RIGHT_KNEE,0.8646,0.52758,0.81292,-0.07232
82,2733,pose_LEFT_ANKLE,0.53598,0.60722,1.02057,0.32082
82,2733,pose_RIGHT_ANKLE,0.78776,0.47198,1.02015,-0.02002
82,2733,pose_LEFT_HEEL,0.58837,0.59426,1.05932,0.32696
82,2733,pose_RIGHT_HEEL,0.73827,0.45552,1.0296,-0.01776
82,2733,pose_LEFT_FOOT_INDEX,0.55884,0.65362,1.07545,0.31117
82,2733,pose_RIGHT_FOOT_INDEX,0.7342,0.52443,1.1232,-0.1218
84,2800,pose_LEFT_SHOULDER,0.99831,0.5916,0.22673,0.1301
84,2800,pose_RIGHT_SHOULDER,0.99958,0.58351,0.21114,-0.22372
84,2800,pose_LEFT_ELBOW,0.06699,0.62957,0.37955,0.10328
84,2800,pose_RIGHT_ELBOW,0.95243,0.63066,0.38566,-0.15663
84,2800,pose_LEFT_WRIST,0.19775,0.67784,0.32036,-0.07163
84,2800,pose_RIGHT_WRIST,0.89818,0.6712,0.28224,0.09267
84,2800,pose_LEFT_PINKY,0.23125,0.69801,0.29839,-0.09657
84,2800,pose_RIGHT_PINKY,0.86363,0.68181,0.24481,0.10339
84,2800,pose_LEFT_INDEX,0.24008,0.7005,0.28806,-0.10604
84,2800,pose_RIGHT_INDEX,0.85612,0.67426,0.22929,0.09107
84,2800,pose_LEFT_THUMB,0.25426,0.69148,0.29748,-0.08451
84,2800,pose_RIGHT_THUMB,0.82746,0.66458,0.25074,0.09637
84,2800,pose_LEFT_HIP,0.99406,0.59682,0.59093,0.09813
84,2800,pose_RIGHT_HIP,0.99427,0.58178,0.59299,-0.09803
84,2800,pose_LEFT_KNEE,0.49075,0.61312,0.80975,0.2064
84,2800,pose_RIGHT_KNEE,0.86833,0.51955,0.81922,-0.00851
84,2800,pose_LEFT_ANKLE,0.51522,0.60891,1.03222,0.31972
84,2800,pose_RIGHT_ANKLE,0.77317,0.46918,1.02237,0.09748
84,2800,pose_LEFT_HEEL,0.57156,0.59692,1.07197,0.32636
84,2800,pose_RIGHT_HEEL,0.72006,0.46248,1.09814,0.10704
84,2800,pose_LEFT_FOOT_INDEX,0.53615,0.65446,1.07834,0.27836
84,2800,pose_RIGHT_FOOT_INDEX,0.70822,0.52606,1.12315,0.02723
86,2866,pose_LEFT_SHOULDER,0.99845,0.57807,0.22627,0.12651
86,2866,pose_RIGHT_SHOULDER,0.99963,0.58015,0.21186,-0.24166
86,2866,pose_LEFT_ELBOW,0.06957,0.62419,0.37528,0.11214
86,2866,pose_RIGHT_ELBOW,0.95408,0.63667,0.3815,-0.17741
86,2866,pose_LEFT_WRIST,0.20923,0.67991,0.2984,-0.05336
86,2866,pose_RIGHT_WRIST,0.89753,0.67451,0.27207,0.1114
86,2866,pose_LEFT_PINKY,0.2402,0.69928,0.2759,-0.07979
86,2866,pose_RIGHT_PINKY,0.86053,0.68491,0.23871,0.12297
86,2866,pose_LEFT_INDEX,0.2505,0.70217,0.267,-0.08858
86,2866,pose_RIGHT_INDEX,0.85309,0.67501,0.22592,0.10834
86,2866,pose_LEFT_THUMB,0.2657,0.69245,0.27706,-0.06595
86,2866,pose_RIGHT_THUMB,0.82609,0.66966,0.24421,0.11423
86,2866,pose_LEFT_HIP,0.99462,0.59717,0.59277,0.09839
86,2866,pose_RIGHT_HIP,0.99485,0.57671,0.59478,-0.09828
86,2866,pose_LEFT_KNEE,0.5145,0.61411,0.81639,0.22477
86,2866,pose_RIGHT_KNEE,0.88181,0.51793,0.82124,-0.01368
86,2866,pose_LEFT_ANKLE,0.52547,0.61672,1.02562,0.35602
86,2866,pose_RIGHT_ANKLE,0.78608,0.46562,1.02381,0.09073
86,2866,pose_LEFT_HEEL,0.58136,0.60562,1.06553,0.36545
86,2866,pose_RIGHT_HEEL,0.72223,0.46058,1.09625,0.1007
86,2866,pose_LEFT_FOOT_INDEX,0.54275,0.66532,1.07414,0.32654
86,2866,pose_RIGHT_FOOT_INDEX,0.71103,0.52072,1.12369,0.02183
88,2933,pose_LEFT_SHOULDER,0.99843,0.56776,0.22667,0.13005
88,2933,pose_RIGHT_SHOULDER,0.9996,0.57891,0.21323,-0.23409
88,2933,pose_LEFT_ELBOW,0.07187,0.61962,0.3722,0.16363
88,2933,pose_RIGHT_ELBOW,0.94798,0.63839,0.37413,-0.1663
88,2933,pose_LEFT_WRIST,0.21882,0.67724,0.2934,0.08568
88,2933,pose_RIGHT_WRIST,0.88412,0.6708,0.27159,0.10455
88,2933,pose_LEFT_PINKY,0.24704,0.69524,0.26373,0.07291
88,2933,pose_RIGHT_PINKY,0.8431,0.68041,0.23973,0.11598
88,2933,pose_LEFT_INDEX,0.25765,0.7032,0.26293,0.05978
88,2933,pose_RIGHT_INDEX,0.83495,0.67038,0.22658,0.10393
88,2933,pose_LEFT_THUMB,0.27273,0.69305,0.27344,0.07293
88,2933,pose_RIGHT_THUMB,0.80921,0.66477,0.24329,0.1075
88,2933,pose_LEFT_HIP,0.99474,0.58905,0.59367,0.09864
88,2933,pose_RIGHT_HIP,0.99469,0.57692,0.5974,-0.09855
88,2933,pose_LEFT_KNEE,0.50995,0.60479,0.82556,0.21178
88,2933,pose_RIGHT_KNEE,0.8765,0.51793,0.82651,-0.00775
88,2933,pose_LEFT_ANKLE,0.50638,0.61338,1.02747,0.32442
88,2933,pose_RIGHT_ANKLE,0.77093,0.46869,1.02573,0.11846
88,2933,pose_LEFT_HEEL,0.56251,0.60218,1.06748,0.33136
88,2933,pose_RIGHT_HEEL,0.70367,0.46258,1.10268,0.13032
88,2933,pose_LEFT_FOOT_INDEX,0.52237,0.65992,1.07217,0.28566
88,2933,pose_RIGHT_FOOT_INDEX,0.68854,0.52439,1.12168,0.05249
90,3000,pose_LEFT_SHOULDER,0.99819,0.55768,0.22632,0.13137
90,3000,pose_RIGHT_SHOULDER,0.99944,0.58013,0.21421,-0.22241
90,3000,pose_LEFT_ELBOW,0.06958,0.61118,0.36861,0.22357
90,3000,pose_RIGHT_ELBOW,0.93771,0.64669,0.36649,-0.15692
90,3000,pose_LEFT_WRIST,0.21016,0.66518,0.2918,0.23423
90,3000,pose_RIGHT_WRIST,0.8594,0.66658,0.2705,0.10596
90,3000,pose_LEFT_PINKY,0.23761,0.68372,0.26081,0.24065
90,3000,pose_RIGHT_PINKY,0.81965,0.68049,0.23332,0.12263
90,3000,pose_LEFT_INDEX,0.24672,0.6816,0.25189,0.22637
90,3000,pose_RIGHT_INDEX,0.81055,0.66668,0.2211,0.1162
90,3000,pose_LEFT_THUMB,0.26035,0.67484,0.27198,0.2252
90,3000,pose_RIGHT_THUMB,0.78667,0.66216,0.24249,0.11392
90,3000,pose_LEFT_HIP,0.99468,0.57661,0.59171,0.0977
90,3000,pose_RIGHT_HIP,0.99409,0.57843,0.59627,-0.09759
90,3000,pose_LEFT_KNEE,0.50567,0.56239,0.82521,0.17991
90,3000,pose_RIGHT_KNEE,0.85998,0.55994,0.83826,0.01376
90,3000,pose_LEFT_ANKLE,0.50309,0.54475,1.03259,0.25116
90,3000,pose_RIGHT_ANKLE,0.74571,0.54895,1.05705,0.12782
90,3000,pose_LEFT_HEEL,0.56098,0.52983,1.07294,0.25473
90,3000,pose_RIGHT_HEEL,0.69193,0.53495,1.10615,0.13912
90,3000,pose_LEFT_FOOT_INDEX,0.51558,0.58547,1.07261,0.21201
90,3000,pose_RIGHT_FOOT_INDEX,0.66026,0.59759,1.11875,0.07966
