frame_number,timestamp_ms,landmark_name,visible,x,y,z
0,0,pose_LEFT_SHOULDER,0.99967,0.50621,0.2209,0.19148
0,0,pose_RIGHT_SHOULDER,0.99996,0.50331,0.21511,-0.16559
0,0,pose_LEFT_ELBOW,0.08983,0.54771,0.35497,0.13956
0,0,pose_RIGHT_ELBOW,0.96665,0.55987,0.35499,-0.12358
0,0,pose_LEFT_WRIST,0.20895,0.59797,0.3102,-0.05215
0,0,pose_RIGHT_WRIST,0.88163,0.60883,0.29306,0.09815
0,0,pose_LEFT_PINKY,0.23545,0.61415,0.29363,-0.08156
0,0,pose_RIGHT_PINKY,0.82502,0.62745,0.26786,0.10251
0,0,pose_LEFT_INDEX,0.2456,0.61597,0.28072,-0.08639
0,0,pose_RIGHT_INDEX,0.81347,0.61864,0.26163,0.09855
0,0,pose_LEFT_THUMB,0.24719,0.6088,0.28803,-0.06379
0,0,pose_RIGHT_THUMB,0.77401,0.60964,0.27192,0.10447
0,0,pose_LEFT_HIP,0.99931,0.52189,0.53876,0.10886
0,0,pose_RIGHT_HIP,0.99929,0.5075,0.53868,-0.10894
0,0,pose_LEFT_KNEE,0.69337,0.55071,0.76262,0.18553
0,0,pose_RIGHT_KNEE,0.97389,0.47676,0.76881,-0.07771
0,0,pose_LEFT_ANKLE,0.84359,0.56095,0.96793,0.31002
0,0,pose_RIGHT_ANKLE,0.96914,0.41164,0.97504,0.00643
0,0,pose_LEFT_HEEL,0.78542,0.55009,1.0263,0.31732
0,0,pose_RIGHT_HEEL,0.89835,0.39625,0.99155,0.01281
0,0,pose_LEFT_FOOT_INDEX,0.83887,0.61137,0.98683,0.26315
0,0,pose_RIGHT_FOOT_INDEX,0.94274,0.4189,1.01462,-0.06467
2,128,pose_LEFT_SHOULDER,0.99965,0.50825,0.22222,0.21371
2,128,pose_RIGHT_SHOULDER,0.99995,0.50038,0.20684,-0.14304
2,128,pose_LEFT_ELBOW,0.08687,0.54801,0.35539,0.14851
2,128,pose_RIGHT_ELBOW,0.96571,0.54613,0.34851,-0.11164
2,128,pose_LEFT_WRIST,0.21121,0.59842,0.31076,-0.04853
2,128,pose_RIGHT_WRIST,0.88126,0.59801,0.29314,0.0925
2,128,pose_LEFT_PINKY,0.2409,0.61314,0.29391,-0.07903
2,128,pose_RIGHT_PINKY,0.82611,0.61727,0.27546,0.09484
2,128,pose_LEFT_INDEX,0.25151,0.61547,0.28189,-0.08739
2,128,pose_RIGHT_INDEX,0.81455,0.61362,0.2608,0.09087
2,128,pose_LEFT_THUMB,0.25347,0.61393,0.29306,-0.06275
2,128,pose_RIGHT_THUMB,0.77462,0.60678,0.26866,0.09798
2,128,pose_LEFT_HIP,0.99927,0.52409,0.5356,0.10918
2,128,pose_RIGHT_HIP,0.99922,0.50726,0.53522,-0.10917
2,128,pose_LEFT_KNEE,0.6989,0.55003,0.75251,0.1618
2,128,pose_RIGHT_KNEE,0.9746,0.48012,0.76561,-0.10606
2,128,pose_LEFT_ANKLE,0.84555,0.55966,0.96554,0.25493
2,128,pose_RIGHT_ANKLE,0.96881,0.41521,0.97431,-0.0481
2,128,pose_LEFT_HEEL,0.78937,0.5488,0.99133,0.25849
2,128,pose_RIGHT_HEEL,0.89555,0.39805,0.98849,-0.04422
2,128,pose_LEFT_FOOT_INDEX,0.83903,0.60123,0.98701,0.20263
2,128,pose_RIGHT_FOOT_INDEX,0.94173,0.44746,1.04148,-0.1268
4,256,pose_LEFT_SHOULDER,0.99958,0.49952,0.2236,0.19489
4,256,pose_RIGHT_SHOULDER,0.99995,0.4899,0.20563,-0.15095
4,256,pose_LEFT_ELBOW,0.0835,0.53703,0.35946,0.11257
4,256,pose_RIGHT_ELBOW,0.96314,0.53391,0.35232,-0.13051
4,256,pose_LEFT_WRIST,0.20445,0.58666,0.31946,-0.08997
4,256,pose_RIGHT_WRIST,0.87407,0.58936,0.29425,0.06319
4,256,pose_LEFT_PINKY,0.23534,0.60574,0.29462,-0.12122
4,256,pose_RIGHT_PINKY,0.8187,0.60655,0.27925,0.06518
4,256,pose_LEFT_INDEX,0.24587,0.61255,0.29445,-0.12588
4,256,pose_RIGHT_INDEX,0.8068,0.6026,0.26126,0.06188
4,256,pose_LEFT_THUMB,0.24834,0.60566,0.29928,-0.10241
4,256,pose_RIGHT_THUMB,0.7654,0.59858,0.26867,0.0685
4,256,pose_LEFT_HIP,0.99913,0.52166,0.53719,0.10708
4,256,pose_RIGHT_HIP,0.99912,0.50174,0.53534,-0.10706
4,256,pose_LEFT_KNEE,0.69229,0.54405,0.74706,0.18123
4,256,pose_RIGHT_KNEE,0.9734,0.47977,0.76636,-0.09939
4,256,pose_LEFT_ANKLE,0.83493,0.55781,0.95688,0.28308
4,256,pose_RIGHT_ANKLE,0.9652,0.42035,0.97571,-0.04571
4,256,pose_LEFT_HEEL,0.78175,0.54913,0.98238,0.28835
4,256,pose_RIGHT_HEEL,0.88501,0.4046,0.98884,-0.04195
4,256,pose_LEFT_FOOT_INDEX,0.82505,0.59696,0.98577,0.2387
4,256,pose_RIGHT_FOOT_INDEX,0.93366,0.45541,1.04151,-0.12708
6,400,pose_LEFT_SHOULDER,0.99953,0.49782,0.22425,0.17689
6,400,pose_RIGHT_SHOULDER,0.99995,0.46854,0.20575,-0.17811
6,400,pose_LEFT_ELBOW,0.08013,0.52019,0.36463,0.11022
6,400,pose_RIGHT_ELBOW,0.96467,0.50613,0.38131,-0.13708
6,400,pose_LEFT_WRIST,0.19857,0.56648,0.32474,-0.10772
6,400,pose_RIGHT_WRIST,0.87754,0.56716,0.31109,0.07211
6,400,pose_LEFT_PINKY,0.23111,0.58542,0.31421,-0.14169
6,400,pose_RIGHT_PINKY,0.82225,0.58611,0.29031,0.07471
6,400,pose_LEFT_INDEX,0.24175,0.58188,0.2951,-0.14847
6,400,pose_RIGHT_INDEX,0.81068,0.58161,0.27156,0.0712
6,400,pose_LEFT_THUMB,0.24527,0.57962,0.30521,-0.1211
6,400,pose_RIGHT_THUMB,0.76967,0.57354,0.27931,0.07699
6,400,pose_LEFT_HIP,0.99889,0.51476,0.54594,0.10642
6,400,pose_RIGHT_HIP,0.99893,0.48871,0.54428,-0.10636
6,400,pose_LEFT_KNEE,0.69231,0.54691,0.75754,0.17878
6,400,pose_RIGHT_KNEE,0.97281,0.46781,0.77752,-0.06574
6,400,pose_LEFT_ANKLE,0.82243,0.56141,0.96155,0.28693
6,400,pose_RIGHT_ANKLE,0.95995,0.41773,0.97857,0.03828
6,400,pose_LEFT_HEEL,0.77172,0.55295,0.98872,0.29262
6,400,pose_RIGHT_HEEL,0.87078,0.40427,0.99126,0.0473
6,400,pose_LEFT_FOOT_INDEX,0.81144,0.60865,0.98632,0.23634
6,400,pose_RIGHT_FOOT_INDEX,0.92469,0.45525,1.05546,-0.03867
8,528,pose_LEFT_SHOULDER,0.99949,0.49364,0.22075,0.17907
8,528,pose_RIGHT_SHOULDER,0.99995,0.45337,0.20468,-0.18113
8,528,pose_LEFT_ELBOW,0.08137,0.50949,0.36411,0.1072
8,528,pose_RIGHT_ELBOW,0.96657,0.4841,0.38733,-0.14895
8,528,pose_LEFT_WRIST,0.20205,0.56146,0.32607,-0.11973
8,528,pose_RIGHT_WRIST,0.88396,0.5589,0.32877,0.06903
8,528,pose_LEFT_PINKY,0.23449,0.58131,0.31103,-0.15606
8,528,pose_RIGHT_PINKY,0.8272,0.58107,0.31276,0.07368
8,528,pose_LEFT_INDEX,0.24544,0.57967,0.2959,-0.16296
8,528,pose_RIGHT_INDEX,0.81583,0.57731,0.29178,0.07051
8,528,pose_LEFT_THUMB,0.25047,0.5717,0.30411,-0.13365
8,528,pose_RIGHT_THUMB,0.77517,0.56962,0.29883,0.07704
8,528,pose_LEFT_HIP,0.99844,0.51389,0.55604,0.10436
8,528,pose_RIGHT_HIP,0.9985,0.48423,0.55718,-0.10423
8,528,pose_LEFT_KNEE,0.69946,0.55554,0.77522,0.14469
8,528,pose_RIGHT_KNEE,0.97044,0.46203,0.79184,-0.059
8,528,pose_LEFT_ANKLE,0.80504,0.56255,0.98298,0.24522
8,528,pose_RIGHT_ANKLE,0.95008,0.41764,0.98894,0.06721
8,528,pose_LEFT_HEEL,0.75324,0.55204,1.03375,0.24904
8,528,pose_RIGHT_HEEL,0.84672,0.40324,1.00458,0.07817
8,528,pose_LEFT_FOOT_INDEX,0.79075,0.60577,1.04522,0.1739
8,528,pose_RIGHT_FOOT_INDEX,0.90941,0.45413,1.08171,-0.01746
10,656,pose_LEFT_SHOULDER,0.99943,0.47769,0.21292,0.18843
10,656,pose_RIGHT_SHOULDER,0.99994,0.46307,0.20024,-0.15931
10,656,pose_LEFT_ELBOW,0.08244,0.49868,0.35415,0.16275
10,656,pose_RIGHT_ELBOW,0.96599,0.48981,0.38253,-0.11399
10,656,pose_LEFT_WRIST,0.19863,0.55957,0.3223,0.00753
10,656,pose_RIGHT_WRIST,0.88528,0.5582,0.33221,0.09804
10,656,pose_LEFT_PINKY,0.23163,0.577,0.31052,-0.01905
10,656,pose_RIGHT_PINKY,0.82983,0.57871,0.31827,0.10521
10,656,pose_LEFT_INDEX,0.24276,0.57903,0.29595,-0.03311
10,656,pose_RIGHT_INDEX,0.81938,0.57436,0.29503,0.09618
10,656,pose_LEFT_THUMB,0.24999,0.57176,0.30292,-0.00785
10,656,pose_RIGHT_THUMB,0.78028,0.56588,0.30113,0.10242
10,656,pose_LEFT_HIP,0.99785,0.50826,0.55308,0.10377
10,656,pose_RIGHT_HIP,0.99781,0.48682,0.55408,-0.10363
10,656,pose_LEFT_KNEE,0.68037,0.55431,0.77433,0.1371
10,656,pose_RIGHT_KNEE,0.96072,0.46356,0.78842,-0.08162
10,656,pose_LEFT_ANKLE,0.75754,0.57305,0.97993,0.21912
10,656,pose_RIGHT_ANKLE,0.92356,0.41737,0.99594,0.00323
10,656,pose_LEFT_HEEL,0.7123,0.56354,1.03332,0.22157
10,656,pose_RIGHT_HEEL,0.81284,0.40627,1.00812,0.01135
10,656,pose_LEFT_FOOT_INDEX,0.73631,0.61486,1.02778,0.16463
10,656,pose_RIGHT_FOOT_INDEX,0.86843,0.46249,1.07885,-0.06739
12,800,pose_LEFT_SHOULDER,0.99939,0.49198,0.21542,0.19057
12,800,pose_RIGHT_SHOULDER,0.99994,0.4706,0.20745,-0.15262
12,800,pose_LEFT_ELBOW,0.07974,0.52491,0.35747,0.13354
12,800,pose_RIGHT_ELBOW,0.96529,0.50789,0.37875,-0.1272
12,800,pose_LEFT_WRIST,0.19024,0.56868,0.33214,-0.07561
12,800,pose_RIGHT_WRIST,0.87881,0.57064,0.33043,0.07282
12,800,pose_LEFT_PINKY,0.22397,0.59151,0.31539,-0.11069
12,800,pose_RIGHT_PINKY,0.82277,0.59127,0.31523,0.07281
12,800,pose_LEFT_INDEX,0.23553,0.58415,0.3052,-0.12514
12,800,pose_RIGHT_INDEX,0.81288,0.58742,0.29362,0.0682
12,800,pose_LEFT_THUMB,0.2437,0.58596,0.30779,-0.09218
12,800,pose_RIGHT_THUMB,0.77274,0.5817,0.29939,0.07837
12,800,pose_LEFT_HIP,0.99788,0.5206,0.54697,0.10364
12,800,pose_RIGHT_HIP,0.99793,0.49272,0.55222,-0.10352
12,800,pose_LEFT_KNEE,0.69466,0.55924,0.7675,0.18609
12,800,pose_RIGHT_KNEE,0.96259,0.46588,0.782,-0.08812
12,800,pose_LEFT_ANKLE,0.76702,0.59126,0.97115,0.30602
12,800,pose_RIGHT_ANKLE,0.92545,0.41786,0.99343,0.00161
12,800,pose_LEFT_HEEL,0.71673,0.58203,0.99162,0.31322
12,800,pose_RIGHT_HEEL,0.80442,0.40672,1.00751,0.01045
12,800,pose_LEFT_FOOT_INDEX,0.73909,0.64216,0.99441,0.25585
12,800,pose_RIGHT_FOOT_INDEX,0.86763,0.45101,1.07469,-0.07751
14,928,pose_LEFT_SHOULDER,0.99907,0.49917,0.22349,0.1707
14,928,pose_RIGHT_SHOULDER,0.99987,0.49789,0.21922,-0.18775
14,928,pose_LEFT_ELBOW,0.07815,0.52744,0.35028,0.23285
14,928,pose_RIGHT_ELBOW,0.95554,0.54252,0.36989,-0.18426
14,928,pose_LEFT_WRIST,0.1825,0.58405,0.31536,0.19999
14,928,pose_RIGHT_WRIST,0.85999,0.60618,0.30808,-0.02829
14,928,pose_LEFT_PINKY,0.21577,0.60125,0.30355,0.19808
14,928,pose_RIGHT_PINKY,0.80504,0.62144,0.28234,-0.03169
14,928,pose_LEFT_INDEX,0.22706,0.60481,0.28962,0.17608
14,928,pose_RIGHT_INDEX,0.79496,0.61799,0.26324,-0.02601
14,928,pose_LEFT_THUMB,0.23469,0.59959,0.2961,0.18661
14,928,pose_RIGHT_THUMB,0.75094,0.61002,0.27291,-0.02015
14,928,pose_LEFT_HIP,0.99761,0.53039,0.55304,0.10445
14,928,pose_RIGHT_HIP,0.99777,0.52442,0.55704,-0.10442
14,928,pose_LEFT_KNEE,0.67151,0.56456,0.77611,0.18047
14,928,pose_RIGHT_KNEE,0.95282,0.49761,0.80556,-0.10292
14,928,pose_LEFT_ANKLE,0.76449,0.5762,0.97905,0.28425
14,928,pose_RIGHT_ANKLE,0.9253,0.41891,0.99668,-0.02221
14,928,pose_LEFT_HEEL,0.71914,0.56834,1.01541,0.28884
14,928,pose_RIGHT_HEEL,0.80389,0.43159,1.06589,-0.01592
14,928,pose_LEFT_FOOT_INDEX,0.73987,0.61528,1.00632,0.23345
14,928,pose_RIGHT_FOOT_INDEX,0.87071,0.46528,1.08148,-0.09525
16,1056,pose_LEFT_SHOULDER,0.99623,0.53949,0.25759,0.13929
16,1056,pose_RIGHT_SHOULDER,0.99927,0.54816,0.26098,-0.17731
16,1056,pose_LEFT_ELBOW,0.07191,0.56013,0.34107,0.25588
16,1056,pose_RIGHT_ELBOW,0.94942,0.5775,0.36758,-0.27521
16,1056,pose_LEFT_WRIST,0.16213,0.60844,0.29538,0.31639
16,1056,pose_RIGHT_WRIST,0.85785,0.64057,0.29022,-0.27863
16,1056,pose_LEFT_PINKY,0.19592,0.61946,0.27809,0.33094
16,1056,pose_RIGHT_PINKY,0.81069,0.65688,0.26138,-0.29883
16,1056,pose_LEFT_INDEX,0.2049,0.62555,0.26776,0.31182
16,1056,pose_RIGHT_INDEX,0.80087,0.65178,0.24556,-0.28715
16,1056,pose_LEFT_THUMB,0.21246,0.62205,0.27553,0.30855
16,1056,pose_RIGHT_THUMB,0.75614,0.6454,0.25618,-0.27214
16,1056,pose_LEFT_HIP,0.99671,0.56202,0.57886,0.07971
16,1056,pose_RIGHT_HIP,0.99688,0.58597,0.5897,-0.07974
16,1056,pose_LEFT_KNEE,0.67287,0.50634,0.78309,0.10446
16,1056,pose_RIGHT_KNEE,0.90555,0.58928,0.80783,-0.02654
16,1056,pose_LEFT_ANKLE,0.7706,0.43466,0.9734,0.15393
16,1056,pose_RIGHT_ANKLE,0.90919,0.61516,0.98245,0.04269
16,1056,pose_LEFT_HEEL,0.74699,0.42181,0.98893,0.15587
16,1056,pose_RIGHT_HEEL,0.82043,0.57976,1.04987,0.05029
16,1056,pose_LEFT_FOOT_INDEX,0.73926,0.46239,1.03638,0.10779
16,1056,pose_RIGHT_FOOT_INDEX,0.85556,0.61588,1.03954,-0.00966
18,1168,pose_LEFT_SHOULDER,0.9965,0.56334,0.24069,0.14611
18,1168,pose_RIGHT_SHOULDER,0.99933,0.54596,0.23397,-0.22746
18,1168,pose_LEFT_ELBOW,0.07194,0.61458,0.35512,0.11706
18,1168,pose_RIGHT_ELBOW,0.95403,0.60151,0.3681,-0.22843
18,1168,pose_LEFT_WRIST,0.17319,0.65938,0.27374,-0.08054
18,1168,pose_RIGHT_WRIST,0.86911,0.65389,0.28191,-0.06236
18,1168,pose_LEFT_PINKY,0.21159,0.6706,0.24734,-0.11006
18,1168,pose_RIGHT_PINKY,0.82518,0.66981,0.24965,-0.06582
18,1168,pose_LEFT_INDEX,0.2194,0.66421,0.22659,-0.11827
18,1168,pose_RIGHT_INDEX,0.81575,0.66068,0.23017,-0.06688
18,1168,pose_LEFT_THUMB,0.22522,0.66105,0.2352,-0.09377
18,1168,pose_RIGHT_THUMB,0.77373,0.65545,0.24019,-0.05506
18,1168,pose_LEFT_HIP,0.99548,0.60232,0.54741,0.11356
18,1168,pose_RIGHT_HIP,0.9962,0.59173,0.55686,-0.11332
18,1168,pose_LEFT_KNEE,0.64321,0.61531,0.7656,0.17352
18,1168,pose_RIGHT_KNEE,0.90099,0.61481,0.79987,-0.10442
18,1168,pose_LEFT_ANKLE,0.75554,0.55085,0.95146,0.25204
18,1168,pose_RIGHT_ANKLE,0.91193,0.58753,1.02319,-0.05954
18,1168,pose_LEFT_HEEL,0.75275,0.53151,0.97314,0.25495
18,1168,pose_RIGHT_HEEL,0.84295,0.56961,1.0634,-0.05677
18,1168,pose_LEFT_FOOT_INDEX,0.74015,0.5717,1.00269,0.2102
18,1168,pose_RIGHT_FOOT_INDEX,0.86381,0.62251,1.06841,-0.13402
20,1248,pose_LEFT_SHOULDER,0.99688,0.55846,0.2333,0.12026
20,1248,pose_RIGHT_SHOULDER,0.99941,0.56328,0.23252,-0.23134
20,1248,pose_LEFT_ELBOW,0.066,0.59756,0.35345,0.23748
20,1248,pose_RIGHT_ELBOW,0.95693,0.61629,0.36852,-0.20935
20,1248,pose_LEFT_WRIST,0.16623,0.65273,0.27682,0.26568
20,1248,pose_RIGHT_WRIST,0.87954,0.66658,0.26843,-0.04221
20,1248,pose_LEFT_PINKY,0.20915,0.67167,0.25636,0.27021
20,1248,pose_RIGHT_PINKY,0.83954,0.67946,0.24056,-0.0507
20,1248,pose_LEFT_INDEX,0.21635,0.66389,0.23409,0.24499
20,1248,pose_RIGHT_INDEX,0.8307,0.66988,0.22156,-0.05025
20,1248,pose_LEFT_THUMB,0.22298,0.6617,0.24108,0.25276
20,1248,pose_RIGHT_THUMB,0.79085,0.66502,0.23137,-0.03794
20,1248,pose_LEFT_HIP,0.99427,0.61116,0.54048,0.1143
20,1248,pose_RIGHT_HIP,0.99588,0.61786,0.55466,-0.11417
20,1248,pose_LEFT_KNEE,0.56215,0.64004,0.70063,0.29805
20,1248,pose_RIGHT_KNEE,0.88332,0.63991,0.78313,-0.01386
20,1248,pose_LEFT_ANKLE,0.65732,0.61243,0.84656,0.48083
20,1248,pose_RIGHT_ANKLE,0.88407,0.61011,0.97366,0.09816
20,1248,pose_LEFT_HEEL,0.683,0.59963,0.87734,0.49665
20,1248,pose_RIGHT_HEEL,0.83864,0.59867,1.04014,0.10937
20,1248,pose_LEFT_FOOT_INDEX,0.66399,0.64545,0.86534,0.48778
20,1248,pose_RIGHT_FOOT_INDEX,0.8364,0.66022,1.00757,0.04592
22,1328,pose_LEFT_SHOULDER,0.99703,0.5653,0.22559,0.15831
22,1328,pose_RIGHT_SHOULDER,0.99941,0.56362,0.2298,-0.221
22,1328,pose_LEFT_ELBOW,0.06042,0.61226,0.34808,0.23055
22,1328,pose_RIGHT_ELBOW,0.9593,0.62328,0.35888,-0.23615
22,1328,pose_LEFT_WRIST,0.15731,0.66908,0.372,0.1624
22,1328,pose_RIGHT_WRIST,0.89033,0.6798,0.25363,-0.10909
22,1328,pose_LEFT_PINKY,0.20508,0.68701,0.37841,0.15536
22,1328,pose_RIGHT_PINKY,0.8559,0.69006,0.23274,-0.11736
22,1328,pose_LEFT_INDEX,0.21177,0.68825,0.36522,0.13476
22,1328,pose_RIGHT_INDEX,0.84859,0.6825,0.21735,-0.11354
22,1328,pose_LEFT_THUMB,0.21784,0.68139,0.36359,0.14935
22,1328,pose_RIGHT_THUMB,0.80931,0.67707,0.22661,-0.10164
22,1328,pose_LEFT_HIP,0.99176,0.62928,0.52349,0.11356
22,1328,pose_RIGHT_HIP,0.99428,0.63616,0.53578,-0.11339
22,1328,pose_LEFT_KNEE,0.51482,0.71182,0.68083,0.14483
22,1328,pose_RIGHT_KNEE,0.87831,0.7277,0.71779,-0.11801
22,1328,pose_LEFT_ANKLE,0.58698,0.62615,0.83632,0.26945
22,1328,pose_RIGHT_ANKLE,0.86234,0.65774,0.88055,0.00808
22,1328,pose_LEFT_HEEL,0.62173,0.60681,0.85081,0.2812
22,1328,pose_RIGHT_HEEL,0.83566,0.6382,0.89701,0.02384
22,1328,pose_LEFT_FOOT_INDEX,0.60653,0.62805,0.88506,0.29862
22,1328,pose_RIGHT_FOOT_INDEX,0.82209,0.6713,0.93738,0.01154
24,1408,pose_LEFT_SHOULDER,0.99656,0.56603,0.22382,0.1469
24,1408,pose_RIGHT_SHOULDER,0.99937,0.56817,0.2278,-0.22754
24,1408,pose_LEFT_ELBOW,0.0529,0.6104,0.35145,0.27286
24,1408,pose_RIGHT_ELBOW,0.9516,0.62129,0.37394,-0.27902
24,1408,pose_LEFT_WRIST,0.1463,0.6727,0.31418,0.26596
24,1408,pose_RIGHT_WRIST,0.88905,0.67331,0.29409,-0.18635
24,1408,pose_LEFT_PINKY,0.19679,0.69062,0.30137,0.27156
24,1408,pose_RIGHT_PINKY,0.85939,0.68944,0.27885,-0.19423
24,1408,pose_LEFT_INDEX,0.20317,0.69502,0.2805,0.24549
24,1408,pose_RIGHT_INDEX,0.85262,0.68079,0.24323,-0.1893
24,1408,pose_LEFT_THUMB,0.20998,0.68861,0.28681,0.25229
24,1408,pose_RIGHT_THUMB,0.80944,0.67266,0.25245,-0.17916
24,1408,pose_LEFT_HIP,0.98952,0.6297,0.52872,0.11323
24,1408,pose_RIGHT_HIP,0.99092,0.64029,0.53335,-0.11305
24,1408,pose_LEFT_KNEE,0.49726,0.66425,0.68953,0.14515
24,1408,pose_RIGHT_KNEE,0.85044,0.71866,0.64732,-0.02533
24,1408,pose_LEFT_ANKLE,0.5357,0.64031,0.89821,0.21895
24,1408,pose_RIGHT_ANKLE,0.81303,0.73153,0.86721,0.09096
24,1408,pose_LEFT_HEEL,0.58799,0.62717,0.92842,0.22454
24,1408,pose_RIGHT_HEEL,0.80878,0.72022,0.91754,0.10259
24,1408,pose_LEFT_FOOT_INDEX,0.56007,0.66704,0.928,0.20099
24,1408,pose_RIGHT_FOOT_INDEX,0.77328,0.78023,0.86772,0.07275
26,1504,pose_LEFT_SHOULDER,0.99707,0.57167,0.22975,0.11287
26,1504,pose_RIGHT_SHOULDER,0.99943,0.58197,0.24167,-0.22863
26,1504,pose_LEFT_ELBOW,0.04582,0.62413,0.34994,0.21403
26,1504,pose_RIGHT_ELBOW,0.93436,0.64583,0.38302,-0.23736
26,1504,pose_LEFT_WRIST,0.12872,0.68662,0.32967,0.18984
26,1504,pose_RIGHT_WRIST,0.86471,0.70224,0.30192,-0.10972
26,1504,pose_LEFT_PINKY,0.17579,0.70346,0.32293,0.18763
26,1504,pose_RIGHT_PINKY,0.83807,0.71661,0.28511,-0.12325
26,1504,pose_LEFT_INDEX,0.18115,0.70707,0.30791,0.16022
26,1504,pose_RIGHT_INDEX,0.83125,0.70826,0.25575,-0.11719
26,1504,pose_LEFT_THUMB,0.18857,0.70112,0.31543,0.17637
26,1504,pose_RIGHT_THUMB,0.78556,0.69981,0.26327,-0.10271
26,1504,pose_LEFT_HIP,0.99145,0.63863,0.53421,0.10002
26,1504,pose_RIGHT_HIP,0.99237,0.65911,0.51898,-0.0999
26,1504,pose_LEFT_KNEE,0.5414,0.66522,0.73557,0.1588
26,1504,pose_RIGHT_KNEE,0.76554,0.7597,0.43859,0.12442
26,1504,pose_LEFT_ANKLE,0.56436,0.64524,0.95548,0.23085
26,1504,pose_RIGHT_ANKLE,0.69598,0.77032,0.56945,0.39603
26,1504,pose_LEFT_HEEL,0.63983,0.63615,0.97774,0.23596
26,1504,pose_RIGHT_HEEL,0.73849,0.75784,0.6041,0.42663
26,1504,pose_LEFT_FOOT_INDEX,0.55366,0.68082,0.98891,0.21002
26,1504,pose_RIGHT_FOOT_INDEX,0.66081,0.80873,0.56705,0.47161
28,1584,pose_LEFT_SHOULDER,0.99749,0.58651,0.24078,0.11962
28,1584,pose_RIGHT_SHOULDER,0.99952,0.58657,0.24981,-0.26217
28,1584,pose_LEFT_ELBOW,0.04081,0.63332,0.39152,0.17844
28,1584,pose_RIGHT_ELBOW,0.9128,0.65315,0.39814,-0.25059
28,1584,pose_LEFT_WRIST,0.11447,0.70254,0.40475,0.10811
28,1584,pose_RIGHT_WRIST,0.83613,0.70964,0.34889,-0.11403
28,1584,pose_LEFT_PINKY,0.15689,0.72292,0.40245,0.10619
28,1584,pose_RIGHT_PINKY,0.81423,0.73851,0.33213,-0.12666
28,1584,pose_LEFT_INDEX,0.1617,0.72671,0.39498,0.07509
28,1584,pose_RIGHT_INDEX,0.80863,0.73283,0.30505,-0.11663
28,1584,pose_LEFT_THUMB,0.17007,0.71819,0.3972,0.0908
28,1584,pose_RIGHT_THUMB,0.76521,0.7247,0.31003,-0.104
28,1584,pose_LEFT_HIP,0.99294,0.65067,0.5335,0.12243
28,1584,pose_RIGHT_HIP,0.99342,0.65936,0.51298,-0.12234
28,1584,pose_LEFT_KNEE,0.57736,0.66971,0.76527,0.12135
28,1584,pose_RIGHT_KNEE,0.74438,0.7763,0.38812,-0.00139
28,1584,pose_LEFT_ANKLE,0.60735,0.64669,0.9779,0.13763
28,1584,pose_RIGHT_ANKLE,0.68805,0.91504,0.3411,0.10324
28,1584,pose_LEFT_HEEL,0.69067,0.639,0.99233,0.13777
28,1584,pose_RIGHT_HEEL,0.73797,0.92971,0.36349,0.11079
28,1584,pose_LEFT_FOOT_INDEX,0.58081,0.6815,1.03553,0.09242
28,1584,pose_RIGHT_FOOT_INDEX,0.64659,0.96071,0.24142,0.07624
30,1664,pose_LEFT_SHOULDER,0.99779,0.59906,0.24309,0.05696
30,1664,pose_RIGHT_SHOULDER,0.99955,0.59175,0.25758,-0.2909
30,1664,pose_LEFT_ELBOW,0.04309,0.65781,0.39625,0.08954
30,1664,pose_RIGHT_ELBOW,0.91133,0.66363,0.39775,-0.28556
30,1664,pose_LEFT_WRIST,0.10915,0.73538,0.45196,-0.00516
30,1664,pose_RIGHT_WRIST,0.84273,0.70999,0.29073,-0.17666
30,1664,pose_LEFT_PINKY,0.14633,0.75409,0.46661,-0.00915
30,1664,pose_RIGHT_PINKY,0.82058,0.72533,0.25535,-0.1937
30,1664,pose_LEFT_INDEX,0.15077,0.75762,0.46848,-0.04281
30,1664,pose_RIGHT_INDEX,0.81534,0.71861,0.23576,-0.18069
30,1664,pose_LEFT_THUMB,0.1614,0.75006,0.46976,-0.02322
30,1664,pose_RIGHT_THUMB,0.77176,0.71072,0.2495,-0.16677
30,1664,pose_LEFT_HIP,0.99392,0.6669,0.51805,0.11895
30,1664,pose_RIGHT_HIP,0.99391,0.66259,0.50976,-0.11871
30,1664,pose_LEFT_KNEE,0.60439,0.68338,0.74035,0.11281
30,1664,pose_RIGHT_KNEE,0.75297,0.77584,0.39898,-0.02709
30,1664,pose_LEFT_ANKLE,0.64516,0.67599,0.95414,0.14606
30,1664,pose_RIGHT_ANKLE,0.70978,0.90709,0.38382,0.08681
30,1664,pose_LEFT_HEEL,0.73213,0.66896,0.96324,0.14765
30,1664,pose_RIGHT_HEEL,0.76013,0.91874,0.40424,0.09626
30,1664,pose_LEFT_FOOT_INDEX,0.60506,0.71001,0.98801,0.0959
30,1664,pose_RIGHT_FOOT_INDEX,0.66435,0.95147,0.29889,0.0606
32,1744,pose_LEFT_SHOULDER,0.99805,0.59668,0.24341,0.09525
32,1744,pose_RIGHT_SHOULDER,0.99955,0.59943,0.24999,-0.21927
32,1744,pose_LEFT_ELBOW,0.04055,0.65052,0.40351,0.12983
32,1744,pose_RIGHT_ELBOW,0.90813,0.66971,0.38083,-0.21389
32,1744,pose_LEFT_WRIST,0.10092,0.7184,0.42956,0.05293
32,1744,pose_RIGHT_WRIST,0.84047,0.71196,0.25187,-0.09524
32,1744,pose_LEFT_PINKY,0.13513,0.73725,0.42962,0.04826
32,1744,pose_RIGHT_PINKY,0.81697,0.72355,0.21569,-0.1025
32,1744,pose_LEFT_INDEX,0.13857,0.74154,0.42044,0.01353
32,1744,pose_RIGHT_INDEX,0.81137,0.71024,0.20322,-0.0912
32,1744,pose_LEFT_THUMB,0.14958,0.73342,0.42234,0.03524
32,1744,pose_RIGHT_THUMB,0.76626,0.70456,0.2199,-0.08586
32,1744,pose_LEFT_HIP,0.99487,0.66062,0.51701,0.10681
32,1744,pose_RIGHT_HIP,0.99421,0.66839,0.49632,-0.10667
32,1744,pose_LEFT_KNEE,0.58148,0.67875,0.7411,0.10215
32,1744,pose_RIGHT_KNEE,0.67134,0.75768,0.41241,0.00986
32,1744,pose_LEFT_ANKLE,0.62275,0.65568,0.9575,0.11101
32,1744,pose_RIGHT_ANKLE,0.62159,0.76734,0.57948,0.17247
32,1744,pose_LEFT_HEEL,0.73448,0.64824,0.97794,0.1091
32,1744,pose_RIGHT_HEEL,0.70159,0.7572,0.61659,0.18957
32,1744,pose_LEFT_FOOT_INDEX,0.57124,0.68968,0.99398,0.0673
32,1744,pose_RIGHT_FOOT_INDEX,0.58136,0.80372,0.57421,0.19749
34,1824,pose_LEFT_SHOULDER,0.99832,0.59367,0.232,0.12032
34,1824,pose_RIGHT_SHOULDER,0.99959,0.60653,0.23526,-0.21821
34,1824,pose_LEFT_ELBOW,0.03736,0.64353,0.35073,0.1945
34,1824,pose_RIGHT_ELBOW,0.91028,0.66929,0.36728,-0.20669
34,1824,pose_LEFT_WRIST,0.09885,0.70729,0.29479,0.14368
34,1824,pose_RIGHT_WRIST,0.84448,0.70865,0.24414,-0.05655
34,1824,pose_LEFT_PINKY,0.13289,0.72537,0.2767,0.14139
34,1824,pose_RIGHT_PINKY,0.81802,0.72146,0.20632,-0.06183
34,1824,pose_LEFT_INDEX,0.136,0.7301,0.26221,0.11621
34,1824,pose_RIGHT_INDEX,0.8123,0.71331,0.19946,-0.05204
34,1824,pose_LEFT_THUMB,0.14751,0.72314,0.26942,0.12966
34,1824,pose_RIGHT_THUMB,0.76712,0.70667,0.21282,-0.04644
34,1824,pose_LEFT_HIP,0.99577,0.65203,0.52485,0.10463
34,1824,pose_RIGHT_HIP,0.99508,0.6703,0.49552,-0.10447
34,1824,pose_LEFT_KNEE,0.60067,0.67507,0.7447,0.13173
34,1824,pose_RIGHT_KNEE,0.63596,0.78602,0.42287,0.07739
34,1824,pose_LEFT_ANKLE,0.63438,0.65241,0.96871,0.14442
34,1824,pose_RIGHT_ANKLE,0.57243,0.84666,0.57305,0.25694
34,1824,pose_LEFT_HEEL,0.75367,0.64307,0.98713,0.14371
34,1824,pose_RIGHT_HEEL,0.66571,0.8345,0.62026,0.27528
34,1824,pose_LEFT_FOOT_INDEX,0.57374,0.68529,0.99362,0.11325
34,1824,pose_RIGHT_FOOT_INDEX,0.53663,0.89295,0.57526,0.28282
36,1920,pose_LEFT_SHOULDER,0.99838,0.60763,0.22038,0.15788
36,1920,pose_RIGHT_SHOULDER,0.9996,0.60741,0.20408,-0.19221
36,1920,pose_LEFT_ELBOW,0.03911,0.65708,0.33845,0.23653
36,1920,pose_RIGHT_ELBOW,0.91184,0.66554,0.35514,-0.20584
36,1920,pose_LEFT_WRIST,0.12255,0.7106,0.24408,0.21431
36,1920,pose_RIGHT_WRIST,0.84537,0.71155,0.25243,-0.08256
36,1920,pose_LEFT_PINKY,0.15811,0.72327,0.20721,0.21644
36,1920,pose_RIGHT_PINKY,0.81537,0.72324,0.21364,-0.09117
36,1920,pose_LEFT_INDEX,0.15951,0.72514,0.19213,0.19949
36,1920,pose_RIGHT_INDEX,0.80766,0.71547,0.19543,-0.08232
36,1920,pose_LEFT_THUMB,0.17042,0.72399,0.20014,0.20438
36,1920,pose_RIGHT_THUMB,0.76055,0.70914,0.20722,-0.0735
36,1920,pose_LEFT_HIP,0.99591,0.64648,0.52251,0.10585
36,1920,pose_RIGHT_HIP,0.99456,0.66873,0.50176,-0.10566
36,1920,pose_LEFT_KNEE,0.61402,0.66322,0.73853,0.1507
36,1920,pose_RIGHT_KNEE,0.64539,0.7784,0.57553,0.00366
36,1920,pose_LEFT_ANKLE,0.61563,0.64186,0.96852,0.19424
36,1920,pose_RIGHT_ANKLE,0.5355,0.74413,0.76948,0.18405
36,1920,pose_LEFT_HEEL,0.73615,0.63484,0.98919,0.19676
36,1920,pose_RIGHT_HEEL,0.647,0.7229,0.81247,0.20629
36,1920,pose_LEFT_FOOT_INDEX,0.54574,0.6793,0.97954,0.17581
36,1920,pose_RIGHT_FOOT_INDEX,0.49683,0.78318,0.77983,0.23055
38,2000,pose_LEFT_SHOULDER,0.99807,0.60741,0.21057,0.0945
38,2000,pose_RIGHT_SHOULDER,0.99954,0.61784,0.20606,-0.21066
38,2000,pose_LEFT_ELBOW,0.04259,0.65694,0.31441,0.17705
38,2000,pose_RIGHT_ELBOW,0.91764,0.66942,0.34108,-0.20679
38,2000,pose_LEFT_WRIST,0.13431,0.71218,0.24656,0.20036
38,2000,pose_RIGHT_WRIST,0.84508,0.71981,0.26797,-0.06391
38,2000,pose_LEFT_PINKY,0.17335,0.72873,0.23221,0.24431
38,2000,pose_RIGHT_PINKY,0.81733,0.73754,0.2507,-0.06275
38,2000,pose_LEFT_INDEX,0.17443,0.73203,0.21693,0.2202
38,2000,pose_RIGHT_INDEX,0.80985,0.73061,0.22553,-0.05189
38,2000,pose_LEFT_THUMB,0.18334,0.73092,0.22706,0.19982
38,2000,pose_RIGHT_THUMB,0.76294,0.72284,0.23291,-0.0539
38,2000,pose_LEFT_HIP,0.99449,0.64242,0.52428,0.09913
38,2000,pose_RIGHT_HIP,0.99346,0.66767,0.52772,-0.09899
38,2000,pose_LEFT_KNEE,0.57723,0.67758,0.67194,0.21835
38,2000,pose_RIGHT_KNEE,0.68753,0.76167,0.65867,-0.01959
38,2000,pose_LEFT_ANKLE,0.58224,0.6265,0.79477,0.29839
38,2000,pose_RIGHT_ANKLE,0.58467,0.6944,0.84377,0.06061
38,2000,pose_LEFT_HEEL,0.70062,0.60991,0.81069,0.30505
38,2000,pose_RIGHT_HEEL,0.68465,0.67294,0.86607,0.0712
38,2000,pose_LEFT_FOOT_INDEX,0.53513,0.62096,0.83413,0.30932
38,2000,pose_RIGHT_FOOT_INDEX,0.54816,0.70728,0.89304,0.07138
40,2080,pose_LEFT_SHOULDER,0.99822,0.60691,0.20255,0.16693
40,2080,pose_RIGHT_SHOULDER,0.99956,0.62817,0.20291,-0.19921
40,2080,pose_LEFT_ELBOW,0.04055,0.63988,0.32205,0.25232
40,2080,pose_RIGHT_ELBOW,0.92333,0.67056,0.33773,-0.1659
40,2080,pose_LEFT_WRIST,0.12495,0.69577,0.34252,0.24371
40,2080,pose_RIGHT_WRIST,0.84684,0.72116,0.28474,0.02675
40,2080,pose_LEFT_PINKY,0.16537,0.71304,0.34506,0.24945
40,2080,pose_RIGHT_PINKY,0.82343,0.73551,0.27355,0.03499
40,2080,pose_LEFT_INDEX,0.16681,0.71705,0.3324,0.22706
40,2080,pose_RIGHT_INDEX,0.81741,0.73103,0.25049,0.03979
40,2080,pose_LEFT_THUMB,0.17501,0.71077,0.33199,0.23125
40,2080,pose_RIGHT_THUMB,0.77306,0.72487,0.25433,0.0365
40,2080,pose_LEFT_HIP,0.99307,0.64174,0.52325,0.11163
40,2080,pose_RIGHT_HIP,0.9927,0.66517,0.53328,-0.11146
40,2080,pose_LEFT_KNEE,0.55189,0.69297,0.7027,0.16758
40,2080,pose_RIGHT_KNEE,0.73501,0.72476,0.74258,-0.1588
40,2080,pose_LEFT_ANKLE,0.56009,0.62568,0.85552,0.25108
40,2080,pose_RIGHT_ANKLE,0.64853,0.61236,0.9352,-0.12785
40,2080,pose_LEFT_HEEL,0.6625,0.60553,0.87183,0.25555
40,2080,pose_RIGHT_HEEL,0.73037,0.58316,0.95065,-0.12328
40,2080,pose_LEFT_FOOT_INDEX,0.53116,0.63677,0.95462,0.23746
40,2080,pose_RIGHT_FOOT_INDEX,0.61531,0.61195,0.99223,-0.15727
42,2160,pose_LEFT_SHOULDER,0.99836,0.62224,0.19955,0.16216
42,2160,pose_RIGHT_SHOULDER,0.99962,0.62949,0.20185,-0.21798
42,2160,pose_LEFT_ELBOW,0.0443,0.66642,0.31205,0.15217
42,2160,pose_RIGHT_ELBOW,0.93291,0.67221,0.33251,-0.17094
42,2160,pose_LEFT_WRIST,0.12571,0.71729,0.26962,-0.03234
42,2160,pose_RIGHT_WRIST,0.86265,0.72233,0.27259,0.05468
42,2160,pose_LEFT_PINKY,0.16767,0.73475,0.2548,-0.05753
42,2160,pose_RIGHT_PINKY,0.83946,0.73554,0.25315,0.06413
42,2160,pose_LEFT_INDEX,0.16984,0.7352,0.24467,-0.06715
42,2160,pose_RIGHT_INDEX,0.83387,0.72959,0.23268,0.05655
42,2160,pose_LEFT_THUMB,0.17994,0.72601,0.25186,-0.04592
42,2160,pose_RIGHT_THUMB,0.79268,0.72501,0.24424,0.06106
42,2160,pose_LEFT_HIP,0.9927,0.65065,0.52176,0.11641
42,2160,pose_RIGHT_HIP,0.99319,0.64932,0.53532,-0.1163
42,2160,pose_LEFT_KNEE,0.51631,0.66974,0.71289,0.28691
42,2160,pose_RIGHT_KNEE,0.76884,0.6526,0.76698,-0.09765
42,2160,pose_LEFT_ANKLE,0.5204,0.60432,0.91206,0.4079
42,2160,pose_RIGHT_ANKLE,0.69755,0.60244,0.97682,-0.04306
42,2160,pose_LEFT_HEEL,0.62806,0.587,0.94062,0.40168
42,2160,pose_RIGHT_HEEL,0.76652,0.56395,0.96907,-0.03833
42,2160,pose_LEFT_FOOT_INDEX,0.51496,0.61367,0.96427,0.31526
42,2160,pose_RIGHT_FOOT_INDEX,0.66716,0.63741,1.02623,-0.09914
44,2240,pose_LEFT_SHOULDER,0.9986,0.62966,0.19899,0.1964
44,2240,pose_RIGHT_SHOULDER,0.99968,0.62661,0.20231,-0.20877
44,2240,pose_LEFT_ELBOW,0.05354,0.67402,0.31651,0.15913
44,2240,pose_RIGHT_ELBOW,0.94391,0.68418,0.34789,-0.15458
44,2240,pose_LEFT_WRIST,0.14685,0.72084,0.24607,-0.04223
44,2240,pose_RIGHT_WRIST,0.88201,0.7263,0.26143,0.08597
44,2240,pose_LEFT_PINKY,0.18723,0.74175,0.22018,-0.06663
44,2240,pose_RIGHT_PINKY,0.85785,0.73826,0.23451,0.09459
44,2240,pose_LEFT_INDEX,0.19134,0.74165,0.20919,-0.07735
44,2240,pose_RIGHT_INDEX,0.85289,0.73049,0.21477,0.09048
44,2240,pose_LEFT_THUMB,0.20237,0.73235,0.21625,-0.0569
44,2240,pose_RIGHT_THUMB,0.81612,0.72604,0.22884,0.09378
44,2240,pose_LEFT_HIP,0.99337,0.65298,0.53119,0.12084
44,2240,pose_RIGHT_HIP,0.99381,0.64106,0.5408,-0.12075
44,2240,pose_LEFT_KNEE,0.53051,0.64701,0.76201,0.12793
44,2240,pose_RIGHT_KNEE,0.80054,0.62646,0.77675,-0.13428
44,2240,pose_LEFT_ANKLE,0.53774,0.59155,0.98849,0.16325
44,2240,pose_RIGHT_ANKLE,0.74292,0.53331,0.9901,-0.10136
44,2240,pose_LEFT_HEEL,0.63635,0.57349,1.01833,0.15991
44,2240,pose_RIGHT_HEEL,0.79848,0.49598,0.98839,-0.0988
44,2240,pose_LEFT_FOOT_INDEX,0.54732,0.59971,1.05133,0.09823
44,2240,pose_RIGHT_FOOT_INDEX,0.71728,0.54849,1.0667,-0.16438
46,2336,pose_LEFT_SHOULDER,0.99881,0.63953,0.20016,0.23296
46,2336,pose_RIGHT_SHOULDER,0.99973,0.62264,0.19995,-0.15575
46,2336,pose_LEFT_ELBOW,0.06521,0.67528,0.33063,0.15264
46,2336,pose_RIGHT_ELBOW,0.95268,0.6718,0.34287,-0.11772
46,2336,pose_LEFT_WRIST,0.1717,0.72429,0.25389,-0.09432
46,2336,pose_RIGHT_WRIST,0.89835,0.72935,0.26011,0.10329
46,2336,pose_LEFT_PINKY,0.20889,0.74305,0.23644,-0.12821
46,2336,pose_RIGHT_PINKY,0.87394,0.74057,0.23583,0.10948
46,2336,pose_LEFT_INDEX,0.21526,0.73948,0.21989,-0.13007
46,2336,pose_RIGHT_INDEX,0.8696,0.73151,0.21564,0.10589
46,2336,pose_LEFT_THUMB,0.2276,0.73393,0.23263,-0.10675
46,2336,pose_RIGHT_THUMB,0.83613,0.72587,0.2255,0.11115
46,2336,pose_LEFT_HIP,0.99426,0.6553,0.53567,0.11787
46,2336,pose_RIGHT_HIP,0.99455,0.6282,0.53898,-0.11775
46,2336,pose_LEFT_KNEE,0.55513,0.65349,0.77215,0.1276
46,2336,pose_RIGHT_KNEE,0.83336,0.59117,0.77019,-0.13561
46,2336,pose_LEFT_ANKLE,0.57709,0.62571,0.99816,0.19446
46,2336,pose_RIGHT_ANKLE,0.78314,0.48341,0.97063,-0.07911
46,2336,pose_LEFT_HEEL,0.65044,0.61071,1.0311,0.19431
46,2336,pose_RIGHT_HEEL,0.81613,0.45946,0.97743,-0.07492
46,2336,pose_LEFT_FOOT_INDEX,0.58813,0.65925,1.05756,0.12416
46,2336,pose_RIGHT_FOOT_INDEX,0.75917,0.50628,1.06235,-0.15435
48,2416,pose_LEFT_SHOULDER,0.99886,0.6394,0.20486,0.17841
48,2416,pose_RIGHT_SHOULDER,0.99976,0.62084,0.20026,-0.19887
48,2416,pose_LEFT_ELBOW,0.07281,0.67523,0.3382,0.113
48,2416,pose_RIGHT_ELBOW,0.95824,0.6731,0.34412,-0.14742
48,2416,pose_LEFT_WRIST,0.18746,0.72324,0.2636,-0.10767
48,2416,pose_RIGHT_WRIST,0.90809,0.72815,0.25771,0.07321
48,2416,pose_LEFT_PINKY,0.22079,0.74262,0.25592,-0.14035
48,2416,pose_RIGHT_PINKY,0.88171,0.73965,0.2267,0.07876
48,2416,pose_LEFT_INDEX,0.22863,0.74186,0.24316,-0.14753
48,2416,pose_RIGHT_INDEX,0.87748,0.73109,0.20466,0.07386
48,2416,pose_LEFT_THUMB,0.2415,0.73467,0.25227,-0.12139
48,2416,pose_RIGHT_THUMB,0.84516,0.72543,0.21736,0.08013
48,2416,pose_LEFT_HIP,0.99496,0.65222,0.55027,0.10678
48,2416,pose_RIGHT_HIP,0.99524,0.61796,0.54654,-0.10675
48,2416,pose_LEFT_KNEE,0.58318,0.6503,0.78382,0.1668
48,2416,pose_RIGHT_KNEE,0.85908,0.56702,0.77236,-0.09516
48,2416,pose_LEFT_ANKLE,0.61898,0.63464,0.98417,0.27898
48,2416,pose_RIGHT_ANKLE,0.81566,0.47835,0.97806,-0.01667
48,2416,pose_LEFT_HEEL,0.67175,0.61915,1.02801,0.28391
48,2416,pose_RIGHT_HEEL,0.82522,0.45498,0.98199,-0.01202
48,2416,pose_LEFT_FOOT_INDEX,0.63012,0.66725,1.04943,0.21444
48,2416,pose_RIGHT_FOOT_INDEX,0.79211,0.49446,1.0574,-0.10555
50,2496,pose_LEFT_SHOULDER,0.99887,0.62122,0.20902,0.15959
50,2496,pose_RIGHT_SHOULDER,0.99977,0.6189,0.20911,-0.2165
50,2496,pose_LEFT_ELBOW,0.07541,0.66701,0.33866,0.1101
50,2496,pose_RIGHT_ELBOW,0.96019,0.67698,0.35511,-0.16388
50,2496,pose_LEFT_WRIST,0.195,0.72115,0.27057,-0.09327
50,2496,pose_RIGHT_WRIST,0.91208,0.72107,0.25765,0.07831
50,2496,pose_LEFT_PINKY,0.22672,0.73851,0.24918,-0.12325
50,2496,pose_RIGHT_PINKY,0.88359,0.73338,0.22476,0.08941
50,2496,pose_LEFT_INDEX,0.23566,0.7399,0.24226,-0.13263
50,2496,pose_RIGHT_INDEX,0.8794,0.72493,0.20121,0.08063
50,2496,pose_LEFT_THUMB,0.24953,0.73108,0.25239,-0.10756
50,2496,pose_RIGHT_THUMB,0.84728,0.71836,0.21309,0.08791
50,2496,pose_LEFT_HIP,0.99535,0.6372,0.55565,0.10583
50,2496,pose_RIGHT_HIP,0.99563,0.60848,0.55167,-0.10581
50,2496,pose_LEFT_KNEE,0.59431,0.64391,0.78479,0.19364
50,2496,pose_RIGHT_KNEE,0.87396,0.55642,0.76965,-0.08904
50,2496,pose_LEFT_ANKLE,0.63948,0.6274,0.98532,0.31806
50,2496,pose_RIGHT_ANKLE,0.83683,0.47754,0.98679,-0.02724
50,2496,pose_LEFT_HEEL,0.68104,0.61483,1.03093,0.32484
50,2496,pose_RIGHT_HEEL,0.82836,0.45973,0.99431,-0.02374
50,2496,pose_LEFT_FOOT_INDEX,0.65077,0.66609,1.04902,0.26864
50,2496,pose_RIGHT_FOOT_INDEX,0.81107,0.50478,1.05876,-0.13305
52,2576,pose_LEFT_SHOULDER,0.99852,0.60412,0.21373,0.14366
52,2576,pose_RIGHT_SHOULDER,0.99964,0.61043,0.21051,-0.21195
52,2576,pose_LEFT_ELBOW,0.07169,0.64108,0.34748,0.19994
52,2576,pose_RIGHT_ELBOW,0.95907,0.66937,0.36762,-0.16608
52,2576,pose_LEFT_WRIST,0.18609,0.69435,0.30845,0.13418
52,2576,pose_RIGHT_WRIST,0.90963,0.70647,0.25876,0.04172
52,2576,pose_LEFT_PINKY,0.2151,0.70985,0.29693,0.12631
52,2576,pose_RIGHT_PINKY,0.87832,0.72486,0.2183,0.04522
52,2576,pose_LEFT_INDEX,0.22417,0.71591,0.2861,0.10779
52,2576,pose_RIGHT_INDEX,0.87348,0.71179,0.20272,0.04084
52,2576,pose_LEFT_THUMB,0.23825,0.7092,0.29145,0.12114
52,2576,pose_RIGHT_THUMB,0.84173,0.70623,0.21553,0.04708
52,2576,pose_LEFT_HIP,0.99457,0.6185,0.56143,0.10019
52,2576,pose_RIGHT_HIP,0.99471,0.60911,0.5613,-0.1002
52,2576,pose_LEFT_KNEE,0.56764,0.62869,0.79152,0.19123
52,2576,pose_RIGHT_KNEE,0.85652,0.54983,0.77393,-0.05254
52,2576,pose_LEFT_ANKLE,0.61725,0.594,0.99719,0.29837
52,2576,pose_RIGHT_ANKLE,0.82191,0.48119,0.99273,0.03724
52,2576,pose_LEFT_HEEL,0.66534,0.58106,1.03378,0.304
52,2576,pose_RIGHT_HEEL,0.80767,0.46801,1.05441,0.04423
52,2576,pose_LEFT_FOOT_INDEX,0.63277,0.62917,1.04677,0.25422
52,2576,pose_RIGHT_FOOT_INDEX,0.79185,0.52763,1.07209,-0.03759
54,2656,pose_LEFT_SHOULDER,0.99835,0.60033,0.22023,0.12788
54,2656,pose_RIGHT_SHOULDER,0.9996,0.5936,0.21081,-0.24017
54,2656,pose_LEFT_ELBOW,0.06997,0.63814,0.36143,0.12437
54,2656,pose_RIGHT_ELBOW,0.95745,0.65197,0.37637,-0.19677
54,2656,pose_LEFT_WRIST,0.18535,0.68862,0.31983,-0.0491
54,2656,pose_RIGHT_WRIST,0.90537,0.69583,0.26414,0.01701
54,2656,pose_LEFT_PINKY,0.2124,0.70435,0.30878,-0.07843
54,2656,pose_RIGHT_PINKY,0.87025,0.71229,0.21913,0.01523
54,2656,pose_LEFT_INDEX,0.22226,0.70745,0.29483,-0.09343
54,2656,pose_RIGHT_INDEX,0.86491,0.69887,0.20553,0.00675
54,2656,pose_LEFT_THUMB,0.2369,0.69922,0.3001,-0.06498
54,2656,pose_RIGHT_THUMB,0.83307,0.69563,0.22662,0.0206
54,2656,pose_LEFT_HIP,0.99444,0.61204,0.57641,0.10114
54,2656,pose_RIGHT_HIP,0.99442,0.59307,0.57566,-0.10111
54,2656,pose_LEFT_KNEE,0.54336,0.62752,0.7935,0.22291
54,2656,pose_RIGHT_KNEE,0.8566,0.53138,0.79031,-0.02394
54,2656,pose_LEFT_ANKLE,0.58844,0.61562,0.99971,0.36657
54,2656,pose_RIGHT_ANKLE,0.81482,0.47401,0.99417,0.09734
54,2656,pose_LEFT_HEEL,0.6419,0.59915,1.03983,0.37613
54,2656,pose_RIGHT_HEEL,0.7859,0.46075,1.0216,0.10741
54,2656,pose_LEFT_FOOT_INDEX,0.61024,0.65559,1.05122,0.32338
54,2656,pose_RIGHT_FOOT_INDEX,0.77741,0.51887,1.09032,0.01591
56,2752,pose_LEFT_SHOULDER,0.99833,0.58804,0.22643,0.14092
56,2752,pose_RIGHT_SHOULDER,0.99961,0.58828,0.2112,-0.21988
56,2752,pose_LEFT_ELBOW,0.07708,0.63984,0.36776,0.08378
56,2752,pose_RIGHT_ELBOW,0.95596,0.63771,0.3613,-0.17732
56,2752,pose_LEFT_WRIST,0.21377,0.68627,0.29202,-0.04936
56,2752,pose_RIGHT_WRIST,0.90414,0.68032,0.26429,0.0539
56,2752,pose_LEFT_PINKY,0.23702,0.70862,0.25432,-0.07058
56,2752,pose_RIGHT_PINKY,0.86583,0.69587,0.2187,0.06045
56,2752,pose_LEFT_INDEX,0.2469,0.71453,0.24993,-0.07322
56,2752,pose_RIGHT_INDEX,0.85945,0.68892,0.21551,0.05351
56,2752,pose_LEFT_THUMB,0.26174,0.7059,0.26434,-0.05888
56,2752,pose_RIGHT_THUMB,0.82815,0.68266,0.23039,0.05851
56,2752,pose_LEFT_HIP,0.99455,0.60245,0.58442,0.10137
56,2752,pose_RIGHT_HIP,0.99455,0.58707,0.58126,-0.10132
56,2752,pose_LEFT_KNEE,0.52261,0.62035,0.81065,0.21093
56,2752,pose_RIGHT_KNEE,0.85589,0.5236,0.80778,-0.036
56,2752,pose_LEFT_ANKLE,0.55731,0.60813,1.02239,0.34991
56,2752,pose_RIGHT_ANKLE,0.79812,0.47283,1.00438,0.05579
56,2752,pose_LEFT_HEEL,0.61348,0.59558,1.06037,0.35849
56,2752,pose_RIGHT_HEEL,0.76065,0.46354,1.08203,0.0636
56,2752,pose_LEFT_FOOT_INDEX,0.58044,0.65103,1.06685,0.29181
56,2752,pose_RIGHT_FOOT_INDEX,0.75246,0.52307,1.1039,-0.0181
58,2832,pose_LEFT_SHOULDER,0.99821,0.58538,0.22626,0.13396
58,2832,pose_RIGHT_SHOULDER,0.99956,0.58372,0.21354,-0.22923
58,2832,pose_LEFT_ELBOW,0.07789,0.62903,0.36549,0.09381
58,2832,pose_RIGHT_ELBOW,0.95417,0.63345,0.37109,-0.18411
58,2832,pose_LEFT_WRIST,0.22451,0.67623,0.29174,-0.10392
58,2832,pose_RIGHT_WRIST,0.90007,0.67163,0.26521,0.05248
58,2832,pose_LEFT_PINKY,0.2479,0.69542,0.25603,-0.13582
58,2832,pose_RIGHT_PINKY,0.85946,0.68814,0.22112,0.05883
58,2832,pose_LEFT_INDEX,0.25815,0.70879,0.25119,-0.14274
58,2832,pose_RIGHT_INDEX,0.85239,0.67971,0.21508,0.04953
58,2832,pose_LEFT_THUMB,0.27307,0.69855,0.26448,-0.11737
58,2832,pose_RIGHT_THUMB,0.82264,0.67598,0.23173,0.05654
58,2832,pose_LEFT_HIP,0.99435,0.59805,0.58759,0.10138
58,2832,pose_RIGHT_HIP,0.99403,0.58026,0.58919,-0.10128
58,2832,pose_LEFT_KNEE,0.50453,0.61974,0.80895,0.1937
58,2832,pose_RIGHT_KNEE,0.8528,0.52051,0.81067,-0.01247
58,2832,pose_LEFT_ANKLE,0.52548,0.6033,1.02464,0.29307
58,2832,pose_RIGHT_ANKLE,0.7766,0.47058,1.00764,0.10299
58,2832,pose_LEFT_HEEL,0.58622,0.59042,1.06357,0.29816
58,2832,pose_RIGHT_HEEL,0.73447,0.4621,1.08037,0.11323
58,2832,pose_LEFT_FOOT_INDEX,0.55109,0.6488,1.06824,0.24361
58,2832,pose_RIGHT_FOOT_INDEX,0.72141,0.52428,1.10364,0.03043
60,2912,pose_LEFT_SHOULDER,0.99812,0.56618,0.22583,0.13013
60,2912,pose_RIGHT_SHOULDER,0.99945,0.58699,0.21357,-0.21608
60,2912,pose_LEFT_ELBOW,0.07632,0.61495,0.35169,0.20814
60,2912,pose_RIGHT_ELBOW,0.94839,0.6386,0.35783,-0.16732
60,2912,pose_LEFT_WRIST,0.22627,0.67363,0.2925,0.20265
60,2912,pose_RIGHT_WRIST,0.8861,0.6705,0.26633,0.07829
60,2912,pose_LEFT_PINKY,0.25226,0.68948,0.25168,0.20356
60,2912,pose_RIGHT_PINKY,0.84746,0.68443,0.22152,0.09008
60,2912,pose_LEFT_INDEX,0.261,0.69128,0.24855,0.18686
60,2912,pose_RIGHT_INDEX,0.83921,0.67126,0.21738,0.08557
60,2912,pose_LEFT_THUMB,0.2739,0.69621,0.2697,0.1916
60,2912,pose_RIGHT_THUMB,0.81074,0.66708,0.23318,0.08377
60,2912,pose_LEFT_HIP,0.99468,0.58295,0.58592,0.09717
60,2912,pose_RIGHT_HIP,0.99393,0.58437,0.58696,-0.09701
60,2912,pose_LEFT_KNEE,0.49514,0.57056,0.81594,0.1695
60,2912,pose_RIGHT_KNEE,0.83637,0.55351,0.82507,0.02266
60,2912,pose_LEFT_ANKLE,0.51055,0.54808,1.0285,0.24567
60,2912,pose_RIGHT_ANKLE,0.73964,0.52775,1.03313,0.15119
60,2912,pose_LEFT_HEEL,0.57644,0.53273,1.06598,0.2492
60,2912,pose_RIGHT_HEEL,0.71405,0.5148,1.08022,0.16388
60,2912,pose_LEFT_FOOT_INDEX,0.53661,0.58662,1.05625,0.20274
60,2912,pose_RIGHT_FOOT_INDEX,0.68303,0.56965,1.09494,0.10454
62,2992,pose_LEFT_SHOULDER,0.99785,0.55797,0.22645,0.13785
62,2992,pose_RIGHT_SHOULDER,0.99927,0.58675,0.21413,-0.20765
62,2992,pose_LEFT_ELBOW,0.07335,0.6084,0.35303,0.20029
62,2992,pose_RIGHT_ELBOW,0.94018,0.64538,0.35929,-0.14897
62,2992,pose_LEFT_WRIST,0.223,0.66825,0.29281,0.14909
62,2992,pose_RIGHT_WRIST,0.86115,0.66496,0.26748,0.10895
62,2992,pose_LEFT_PINKY,0.24842,0.68599,0.25524,0.14195
62,2992,pose_RIGHT_PINKY,0.82068,0.67908,0.23783,0.12269
62,2992,pose_LEFT_INDEX,0.25625,0.68596,0.24927,0.12854
62,2992,pose_RIGHT_INDEX,0.81109,0.66513,0.22291,0.11534
62,2992,pose_LEFT_THUMB,0.26791,0.69215,0.27152,0.13757
62,2992,pose_RIGHT_THUMB,0.78468,0.6628,0.24143,0.11362
62,2992,pose_LEFT_HIP,0.9947,0.58103,0.58854,0.09675
62,2992,pose_RIGHT_HIP,0.99338,0.58116,0.59031,-0.09666
62,2992,pose_LEFT_KNEE,0.48296,0.56943,0.82725,0.17589
62,2992,pose_RIGHT_KNEE,0.79646,0.5308,0.83231,0.01268
62,2992,pose_LEFT_ANKLE,0.4889,0.56456,1.03036,0.27037
62,2992,pose_RIGHT_ANKLE,0.69086,0.49169,1.04601,0.13285
62,2992,pose_LEFT_HEEL,0.55913,0.55934,1.07391,0.27612
62,2992,pose_RIGHT_HEEL,0.68128,0.51558,1.10129,0.14463
62,2992,pose_LEFT_FOOT_INDEX,0.5106,0.60477,1.06768,0.22987
62,2992,pose_RIGHT_FOOT_INDEX,0.63377,0.55329,1.10533,0.07546
64,3072,pose_LEFT_SHOULDER,0.99758,0.52634,0.22971,0.09028
64,3072,pose_RIGHT_SHOULDER,0.99915,0.59837,0.21842,-0.16574
64,3072,pose_LEFT_ELBOW,0.07261,0.53156,0.38555,0.20932
64,3072,pose_RIGHT_ELBOW,0.93545,0.64582,0.38125,-0.08254
64,3072,pose_LEFT_WRIST,0.19,0.57853,0.39503,0.3266
64,3072,pose_RIGHT_WRIST,0.80996,0.66551,0.31155,0.16326
64,3072,pose_LEFT_PINKY,0.21344,0.58893,0.40156,0.34908
64,3072,pose_RIGHT_PINKY,0.77088,0.67964,0.28286,0.19014
64,3072,pose_LEFT_INDEX,0.21953,0.59726,0.38418,0.34025
64,3072,pose_RIGHT_INDEX,0.75988,0.66918,0.26754,0.19533
64,3072,pose_LEFT_THUMB,0.22965,0.59593,0.3834,0.32522
64,3072,pose_RIGHT_THUMB,0.73425,0.66109,0.27696,0.17395
64,3072,pose_LEFT_HIP,0.99422,0.55435,0.58795,0.0837
64,3072,pose_RIGHT_HIP,0.9926,0.58651,0.59023,-0.08372
64,3072,pose_LEFT_KNEE,0.49596,0.51699,0.82297,0.11816
64,3072,pose_RIGHT_KNEE,0.7701,0.60799,0.8361,0.02042
64,3072,pose_LEFT_ANKLE,0.48877,0.47135,1.02114,0.1574
64,3072,pose_RIGHT_ANKLE,0.65046,0.62539,1.04626,0.11406
64,3072,pose_LEFT_HEEL,0.55532,0.45975,1.07165,0.16009
64,3072,pose_RIGHT_HEEL,0.66042,0.59981,1.11239,0.12294
64,3072,pose_LEFT_FOOT_INDEX,0.48893,0.49816,1.06986,0.13513
64,3072,pose_RIGHT_FOOT_INDEX,0.58421,0.65714,1.09944,0.07855
66,3152,pose_LEFT_SHOULDER,0.99743,0.5064,0.24076,0.00702
66,3152,pose_RIGHT_SHOULDER,0.99911,0.60538,0.23009,-0.12429
66,3152,pose_LEFT_ELBOW,0.11837,0.49438,0.42107,0.13778
66,3152,pose_RIGHT_ELBOW,0.92688,0.64155,0.39831,-0.01632
66,3152,pose_LEFT_WRIST,0.15792,0.53725,0.39334,0.32834
66,3152,pose_RIGHT_WRIST,0.70178,0.63323,0.38078,0.22462
66,3152,pose_LEFT_PINKY,0.17701,0.54662,0.39249,0.35623
66,3152,pose_RIGHT_PINKY,0.66528,0.63477,0.37628,0.2605
66,3152,pose_LEFT_INDEX,0.18186,0.55759,0.37486,0.35894
66,3152,pose_RIGHT_INDEX,0.65576,0.628,0.36171,0.25837
66,3152,pose_LEFT_THUMB,0.19069,0.55704,0.37582,0.33399
66,3152,pose_RIGHT_THUMB,0.63458,0.62476,0.36371,0.23176
66,3152,pose_LEFT_HIP,0.99325,0.53315,0.5897,0.05461
66,3152,pose_RIGHT_HIP,0.992,0.58722,0.59425,-0.0546
66,3152,pose_LEFT_KNEE,0.5406,0.50212,0.82366,0.1141
66,3152,pose_RIGHT_KNEE,0.75567,0.60608,0.84116,0.04236
66,3152,pose_LEFT_ANKLE,0.51318,0.46341,1.02462,0.164
66,3152,pose_RIGHT_ANKLE,0.62714,0.62378,1.08435,0.09875
66,3152,pose_LEFT_HEEL,0.56633,0.45233,1.09002,0.16922
66,3152,pose_RIGHT_HEEL,0.64936,0.61441,1.13428,0.105
66,3152,pose_LEFT_FOOT_INDEX,0.47122,0.47243,1.0732,0.16078
66,3152,pose_RIGHT_FOOT_INDEX,0.53638,0.6629,1.1115,0.10615
68,3248,pose_LEFT_SHOULDER,0.99762,0.49538,0.2397,0.0025
68,3248,pose_RIGHT_SHOULDER,0.99918,0.60312,0.23443,-0.12782
68,3248,pose_LEFT_ELBOW,0.18904,0.47391,0.4299,0.10695
68,3248,pose_RIGHT_ELBOW,0.92682,0.62814,0.41678,-0.03105
68,3248,pose_LEFT_WRIST,0.1347,0.51877,0.4562,0.26781
68,3248,pose_RIGHT_WRIST,0.63531,0.63978,0.51792,0.08124
68,3248,pose_LEFT_PINKY,0.1495,0.52909,0.48606,0.28595
68,3248,pose_RIGHT_PINKY,0.59175,0.64541,0.55195,0.09961
68,3248,pose_LEFT_INDEX,0.1532,0.53934,0.47738,0.28014
68,3248,pose_RIGHT_INDEX,0.58244,0.64816,0.55188,0.10283
68,3248,pose_LEFT_THUMB,0.16105,0.53231,0.46933,0.26743
68,3248,pose_RIGHT_THUMB,0.56527,0.6394,0.54147,0.08758
68,3248,pose_LEFT_HIP,0.99353,0.51735,0.59036,0.04974
68,3248,pose_RIGHT_HIP,0.99259,0.57831,0.59848,-0.04976
68,3248,pose_LEFT_KNEE,0.56242,0.49339,0.83225,0.10454
68,3248,pose_RIGHT_KNEE,0.73242,0.60431,0.851,0.0558
68,3248,pose_LEFT_ANKLE,0.51027,0.46529,1.03906,0.16224
68,3248,pose_RIGHT_ANKLE,0.59564,0.63465,1.10332,0.10461
68,3248,pose_LEFT_HEEL,0.56056,0.44904,1.10721,0.16819
68,3248,pose_RIGHT_HEEL,0.63745,0.62777,1.15074,0.11182
68,3248,pose_LEFT_FOOT_INDEX,0.43038,0.46227,1.0801,0.1591
68,3248,pose_RIGHT_FOOT_INDEX,0.48083,0.67053,1.11843,0.10664
70,3328,pose_LEFT_SHOULDER,0.99799,0.48078,0.23906,0.00303
70,3328,pose_RIGHT_SHOULDER,0.99931,0.59501,0.23443,-0.10332
70,3328,pose_LEFT_ELBOW,0.27889,0.46652,0.42907,0.05329
70,3328,pose_RIGHT_ELBOW,0.93853,0.62032,0.42382,-0.07539
70,3328,pose_LEFT_WRIST,0.1258,0.5031,0.526,0.14354
70,3328,pose_RIGHT_WRIST,0.67338,0.64668,0.55973,0.00103
70,3328,pose_LEFT_PINKY,0.13458,0.50658,0.56991,0.16092
70,3328,pose_RIGHT_PINKY,0.61452,0.65317,0.60698,0.00818
70,3328,pose_LEFT_INDEX,0.13666,0.52129,0.56705,0.15362
70,3328,pose_RIGHT_INDEX,0.60334,0.65129,0.59543,0.01479
70,3328,pose_LEFT_THUMB,0.14395,0.51536,0.54094,0.14323
70,3328,pose_RIGHT_THUMB,0.58192,0.64434,0.57751,0.00634
70,3328,pose_LEFT_HIP,0.99457,0.50833,0.59334,0.03347
70,3328,pose_RIGHT_HIP,0.99378,0.57153,0.59809,-0.03362
70,3328,pose_LEFT_KNEE,0.5854,0.49158,0.8323,0.11622
70,3328,pose_RIGHT_KNEE,0.70728,0.60305,0.8484,0.10856
70,3328,pose_LEFT_ANKLE,0.50584,0.46725,1.03789,0.22162
70,3328,pose_RIGHT_ANKLE,0.57055,0.63209,1.08704,0.19939
70,3328,pose_LEFT_HEEL,0.56545,0.45608,1.1058,0.23309
70,3328,pose_RIGHT_HEEL,0.63847,0.62574,1.14136,0.21109
70,3328,pose_LEFT_FOOT_INDEX,0.39476,0.46272,1.07749,0.22688
70,3328,pose_RIGHT_FOOT_INDEX,0.43707,0.66122,1.09096,0.19902
72,3408,pose_LEFT_SHOULDER,0.99829,0.46786,0.23794,-0.0302
72,3408,pose_RIGHT_SHOULDER,0.99942,0.58548,0.23162,-0.10971
72,3408,pose_LEFT_ELBOW,0.3663,0.45591,0.43048,0.00292
72,3408,pose_RIGHT_ELBOW,0.94626,0.60868,0.42936,-0.08042
72,3408,pose_LEFT_WRIST,0.12935,0.4792,0.56837,0.08028
72,3408,pose_RIGHT_WRIST,0.69267,0.6422,0.57025,0.02735
72,3408,pose_LEFT_PINKY,0.12979,0.48486,0.60296,0.09337
72,3408,pose_RIGHT_PINKY,0.62012,0.65257,0.60994,0.03875
72,3408,pose_LEFT_INDEX,0.12993,0.49279,0.59942,0.08989
72,3408,pose_RIGHT_INDEX,0.60763,0.64872,0.60086,0.04181
72,3408,pose_LEFT_THUMB,0.13526,0.4915,0.58619,0.08108
72,3408,pose_RIGHT_THUMB,0.5823,0.64027,0.58347,0.03252
72,3408,pose_LEFT_HIP,0.99552,0.49618,0.5903,0.02496
72,3408,pose_RIGHT_HIP,0.99481,0.56291,0.58767,-0.02519
72,3408,pose_LEFT_KNEE,0.60961,0.49082,0.82058,0.12769
72,3408,pose_RIGHT_KNEE,0.67389,0.60084,0.79326,0.15397
72,3408,pose_LEFT_ANKLE,0.51018,0.4678,1.03074,0.24167
72,3408,pose_RIGHT_ANKLE,0.53399,0.62327,0.98814,0.27687
72,3408,pose_LEFT_HEEL,0.58074,0.46024,1.10129,0.25388
72,3408,pose_RIGHT_HEEL,0.63268,0.61686,1.01148,0.29192
72,3408,pose_LEFT_FOOT_INDEX,0.37588,0.46757,1.06204,0.24484
72,3408,pose_RIGHT_FOOT_INDEX,0.40063,0.64396,0.99587,0.28725
74,3488,pose_LEFT_SHOULDER,0.99859,0.45932,0.23195,-0.11957
74,3488,pose_RIGHT_SHOULDER,0.99949,0.58644,0.226,-0.0889
74,3488,pose_LEFT_ELBOW,0.47845,0.4394,0.44119,-0.12472
74,3488,pose_RIGHT_ELBOW,0.94759,0.60997,0.42986,-0.0431
74,3488,pose_LEFT_WRIST,0.24429,0.43359,0.61593,-0.07174
74,3488,pose_RIGHT_WRIST,0.7061,0.63649,0.56393,0.08804
74,3488,pose_LEFT_PINKY,0.22264,0.43132,0.66515,-0.07809
74,3488,pose_RIGHT_PINKY,0.62712,0.64821,0.60403,0.10354
74,3488,pose_LEFT_INDEX,0.21894,0.44254,0.65768,-0.07598
74,3488,pose_RIGHT_INDEX,0.61285,0.64226,0.59398,0.08756
74,3488,pose_LEFT_THUMB,0.2143,0.4465,0.63745,-0.06967
74,3488,pose_RIGHT_THUMB,0.58675,0.63442,0.57951,0.08253
74,3488,pose_LEFT_HIP,0.99625,0.49842,0.58839,-0.01093
74,3488,pose_RIGHT_HIP,0.99556,0.56546,0.58542,0.01078
74,3488,pose_LEFT_KNEE,0.64731,0.48927,0.81786,0.11854
74,3488,pose_RIGHT_KNEE,0.6496,0.59494,0.79999,0.1807
74,3488,pose_LEFT_ANKLE,0.5322,0.46327,1.03143,0.27496
74,3488,pose_RIGHT_ANKLE,0.5046,0.61438,1.02688,0.31888
74,3488,pose_LEFT_HEEL,0.60492,0.46483,1.1011,0.2905
74,3488,pose_RIGHT_HEEL,0.62772,0.61316,1.05955,0.33462
74,3488,pose_LEFT_FOOT_INDEX,0.3739,0.45365,1.04937,0.27246
74,3488,pose_RIGHT_FOOT_INDEX,0.36185,0.61802,1.0005,0.31081
76,3568,pose_LEFT_SHOULDER,0.99882,0.45606,0.22622,-0.19486
76,3568,pose_RIGHT_SHOULDER,0.99951,0.5879,0.2215,-0.12265
76,3568,pose_LEFT_ELBOW,0.57291,0.43768,0.44423,-0.1885
76,3568,pose_RIGHT_ELBOW,0.93561,0.60491,0.42909,-0.05593
76,3568,pose_LEFT_WRIST,0.3544,0.42491,0.62355,-0.11979
76,3568,pose_RIGHT_WRIST,0.69329,0.61388,0.56961,0.06477
76,3568,pose_LEFT_PINKY,0.31427,0.4223,0.67163,-0.12616
76,3568,pose_RIGHT_PINKY,0.61267,0.62606,0.6183,0.09227
76,3568,pose_LEFT_INDEX,0.30789,0.4335,0.67186,-0.11847
76,3568,pose_RIGHT_INDEX,0.59685,0.61584,0.61278,0.07219
76,3568,pose_LEFT_THUMB,0.2962,0.43815,0.65099,-0.1158
76,3568,pose_RIGHT_THUMB,0.57115,0.60436,0.5941,0.05929
76,3568,pose_LEFT_HIP,0.99682,0.49898,0.59011,-0.02476
76,3568,pose_RIGHT_HIP,0.99604,0.56659,0.58556,0.02473
76,3568,pose_LEFT_KNEE,0.6953,0.48827,0.83403,0.1079
76,3568,pose_RIGHT_KNEE,0.63265,0.58038,0.81838,0.19449
76,3568,pose_LEFT_ANKLE,0.57576,0.46516,1.06579,0.28987
76,3568,pose_RIGHT_ANKLE,0.49783,0.58687,1.05643,0.35337
76,3568,pose_LEFT_HEEL,0.6397,0.47721,1.12324,0.30599
76,3568,pose_RIGHT_HEEL,0.62949,0.58758,1.0982,0.37016
76,3568,pose_LEFT_FOOT_INDEX,0.39712,0.45468,1.08191,0.2834
76,3568,pose_RIGHT_FOOT_INDEX,0.34353,0.58317,1.06376,0.33951
78,3664,pose_LEFT_SHOULDER,0.999,0.45429,0.22617,-0.20475
78,3664,pose_RIGHT_SHOULDER,0.99953,0.58986,0.21902,-0.12947
78,3664,pose_LEFT_ELBOW,0.64924,0.43249,0.45411,-0.1983
78,3664,pose_RIGHT_ELBOW,0.91876,0.60395,0.42969,-0.06251
78,3664,pose_LEFT_WRIST,0.4451,0.42097,0.63151,-0.13312
78,3664,pose_RIGHT_WRIST,0.67086,0.61011,0.58267,0.06598
78,3664,pose_LEFT_PINKY,0.3914,0.41682,0.6783,-0.14025
78,3664,pose_RIGHT_PINKY,0.58973,0.61217,0.62625,0.0944
78,3664,pose_LEFT_INDEX,0.38304,0.42922,0.67904,-0.13195
78,3664,pose_RIGHT_INDEX,0.57237,0.60264,0.62257,0.07243
78,3664,pose_LEFT_THUMB,0.36576,0.43495,0.66308,-0.12867
78,3664,pose_RIGHT_THUMB,0.54937,0.59968,0.60969,0.06027
78,3664,pose_LEFT_HIP,0.99723,0.49537,0.59122,-0.02232
78,3664,pose_RIGHT_HIP,0.99642,0.56595,0.58769,0.02221
78,3664,pose_LEFT_KNEE,0.72662,0.4869,0.84093,0.14763
78,3664,pose_RIGHT_KNEE,0.61938,0.56054,0.83605,0.20019
78,3664,pose_LEFT_ANKLE,0.60368,0.46884,1.06598,0.35395
78,3664,pose_RIGHT_ANKLE,0.4934,0.55198,1.0797,0.37323
78,3664,pose_LEFT_HEEL,0.65682,0.47886,1.12155,0.37223
78,3664,pose_RIGHT_HEEL,0.62892,0.54907,1.12738,0.39117
78,3664,pose_LEFT_FOOT_INDEX,0.41167,0.45695,1.0834,0.35012
78,3664,pose_RIGHT_FOOT_INDEX,0.32916,0.54963,1.09749,0.35139
80,3744,pose_LEFT_SHOULDER,0.99909,0.45463,0.23381,-0.22065
80,3744,pose_RIGHT_SHOULDER,0.99953,0.59333,0.22921,-0.14765
80,3744,pose_LEFT_ELBOW,0.70912,0.4324,0.46325,-0.21017
80,3744,pose_RIGHT_ELBOW,0.91604,0.60474,0.45136,-0.09303
80,3744,pose_LEFT_WRIST,0.50986,0.42189,0.64614,-0.13659
80,3744,pose_RIGHT_WRIST,0.67818,0.61379,0.61426,0.02812
80,3744,pose_LEFT_PINKY,0.44394,0.41623,0.69966,-0.13958
80,3744,pose_RIGHT_PINKY,0.5951,0.62029,0.66437,0.05134
80,3744,pose_LEFT_INDEX,0.43409,0.42898,0.70199,-0.13548
80,3744,pose_RIGHT_INDEX,0.57609,0.61137,0.66354,0.03639
80,3744,pose_LEFT_THUMB,0.41277,0.43711,0.67976,-0.13352
80,3744,pose_RIGHT_THUMB,0.55387,0.60337,0.64483,0.02489
80,3744,pose_LEFT_HIP,0.99743,0.49296,0.60784,-0.02369
80,3744,pose_RIGHT_HIP,0.99654,0.56575,0.60894,0.0236
80,3744,pose_LEFT_KNEE,0.75404,0.48552,0.86901,0.14237
80,3744,pose_RIGHT_KNEE,0.62224,0.55501,0.88163,0.19038
80,3744,pose_LEFT_ANKLE,0.62686,0.48049,1.0963,0.33192
80,3744,pose_RIGHT_ANKLE,0.49712,0.54697,1.11462,0.35337
80,3744,pose_LEFT_HEEL,0.66902,0.4865,1.14429,0.34895
80,3744,pose_RIGHT_HEEL,0.63063,0.54479,1.16172,0.36975
80,3744,pose_LEFT_FOOT_INDEX,0.42606,0.464,1.11038,0.32022
80,3744,pose_RIGHT_FOOT_INDEX,0.32191,0.54413,1.13729,0.32715
82,3824,pose_LEFT_SHOULDER,0.99913,0.45571,0.24127,-0.20857
82,3824,pose_RIGHT_SHOULDER,0.99949,0.59808,0.24356,-0.15778
82,3824,pose_LEFT_ELBOW,0.75531,0.43391,0.47263,-0.19499
82,3824,pose_RIGHT_ELBOW,0.91667,0.60994,0.47183,-0.1047
82,3824,pose_LEFT_WRIST,0.54929,0.42916,0.65345,-0.12155
82,3824,pose_RIGHT_WRIST,0.68365,0.6276,0.62791,0.0156
82,3824,pose_LEFT_PINKY,0.47161,0.42343,0.70382,-0.12396
82,3824,pose_RIGHT_PINKY,0.59749,0.63165,0.67718,0.03615
82,3824,pose_LEFT_INDEX,0.46071,0.43612,0.70185,-0.12102
82,3824,pose_RIGHT_INDEX,0.57689,0.62109,0.66955,0.02359
82,3824,pose_LEFT_THUMB,0.43696,0.44234,0.6798,-0.11885
82,3824,pose_RIGHT_THUMB,0.55396,0.61601,0.65648,0.01373
82,3824,pose_LEFT_HIP,0.99742,0.49078,0.62357,-0.01608
82,3824,pose_RIGHT_HIP,0.99645,0.56506,0.6254,0.01599
82,3824,pose_LEFT_KNEE,0.75308,0.48269,0.88312,0.14299
82,3824,pose_RIGHT_KNEE,0.60575,0.54881,0.8974,0.17694
82,3824,pose_LEFT_ANKLE,0.61282,0.4765,1.10075,0.33534
82,3824,pose_RIGHT_ANKLE,0.47865,0.53501,1.13384,0.33774
82,3824,pose_LEFT_HEEL,0.65065,0.47957,1.15092,0.35234
82,3824,pose_RIGHT_HEEL,0.61409,0.53062,1.17985,0.35321
82,3824,pose_LEFT_FOOT_INDEX,0.40936,0.46279,1.12075,0.32188
82,3824,pose_RIGHT_FOOT_INDEX,0.30007,0.53895,1.16215,0.29698
84,3904,pose_LEFT_SHOULDER,0.99908,0.45974,0.24322,-0.17661
84,3904,pose_RIGHT_SHOULDER,0.99944,0.60454,0.25241,-0.17782
84,3904,pose_LEFT_ELBOW,0.78512,0.43771,0.47034,-0.12805
84,3904,pose_RIGHT_ELBOW,0.92383,0.62741,0.48195,-0.12728
84,3904,pose_LEFT_WRIST,0.53214,0.43162,0.6464,-0.02137
84,3904,pose_RIGHT_WRIST,0.70162,0.6415,0.63303,-0.00308
84,3904,pose_LEFT_PINKY,0.44673,0.42626,0.69626,-0.01042
84,3904,pose_RIGHT_PINKY,0.61163,0.64796,0.68465,0.01498
84,3904,pose_LEFT_INDEX,0.4354,0.4381,0.69696,-0.01155
84,3904,pose_RIGHT_INDEX,0.59016,0.63764,0.67116,0.00632
84,3904,pose_LEFT_THUMB,0.41441,0.44429,0.67481,-0.01894
84,3904,pose_RIGHT_THUMB,0.56667,0.63239,0.65921,-0.00343
84,3904,pose_LEFT_HIP,0.99719,0.48949,0.62853,-0.01077
84,3904,pose_RIGHT_HIP,0.99611,0.56339,0.63578,0.01083
84,3904,pose_LEFT_KNEE,0.73989,0.48324,0.89068,0.13126
84,3904,pose_RIGHT_KNEE,0.56952,0.54909,0.911,0.16418
84,3904,pose_LEFT_ANKLE,0.57931,0.47938,1.10097,0.32164
84,3904,pose_RIGHT_ANKLE,0.43799,0.54366,1.14844,0.31204
84,3904,pose_LEFT_HEEL,0.6211,0.47772,1.15305,0.33855
84,3904,pose_RIGHT_HEEL,0.57796,0.53936,1.19334,0.32752
84,3904,pose_LEFT_FOOT_INDEX,0.37969,0.4638,1.13019,0.31029
84,3904,pose_RIGHT_FOOT_INDEX,0.26874,0.54609,1.18224,0.28168
86,3984,pose_LEFT_SHOULDER,0.99904,0.46105,0.2427,-0.13508
86,3984,pose_RIGHT_SHOULDER,0.99943,0.61137,0.25555,-0.1864
86,3984,pose_LEFT_ELBOW,0.79835,0.44125,0.47015,-0.09885
86,3984,pose_RIGHT_ELBOW,0.92951,0.63699,0.49746,-0.12434
86,3984,pose_LEFT_WRIST,0.47831,0.44287,0.64398,0.00117
86,3984,pose_RIGHT_WRIST,0.70333,0.64593,0.64984,0.03279
86,3984,pose_LEFT_PINKY,0.39556,0.44924,0.71455,0.01179
86,3984,pose_RIGHT_PINKY,0.60826,0.65024,0.7009,0.05139
86,3984,pose_LEFT_INDEX,0.38462,0.45599,0.71276,0.01099
86,3984,pose_RIGHT_INDEX,0.5867,0.64071,0.68313,0.04946
86,3984,pose_LEFT_THUMB,0.36738,0.45623,0.69442,0.00285
86,3984,pose_RIGHT_THUMB,0.56222,0.63408,0.67126,0.03573
86,3984,pose_LEFT_HIP,0.99701,0.48462,0.63525,0.00837
86,3984,pose_RIGHT_HIP,0.99595,0.56143,0.6404,-0.00836
86,3984,pose_LEFT_KNEE,0.7233,0.48519,0.8959,0.16804
86,3984,pose_RIGHT_KNEE,0.54582,0.55021,0.90985,0.1632
86,3984,pose_LEFT_ANKLE,0.53775,0.48391,1.10946,0.36323
86,3984,pose_RIGHT_ANKLE,0.39851,0.54529,1.16409,0.31917
86,3984,pose_LEFT_HEEL,0.58492,0.48475,1.15735,0.38199
86,3984,pose_RIGHT_HEEL,0.54097,0.53993,1.21135,0.33696
86,3984,pose_LEFT_FOOT_INDEX,0.34914,0.47967,1.13192,0.36408
86,3984,pose_RIGHT_FOOT_INDEX,0.24097,0.55872,1.193,0.29427
88,4080,pose_LEFT_SHOULDER,0.99901,0.464,0.23064,-0.1715
88,4080,pose_RIGHT_SHOULDER,0.99938,0.61853,0.25397,-0.20927
88,4080,pose_LEFT_ELBOW,0.80917,0.44437,0.48975,-0.08446
88,4080,pose_RIGHT_ELBOW,0.93077,0.64269,0.49612,-0.13047
88,4080,pose_LEFT_WRIST,0.42697,0.46013,0.64372,0.02251
88,4080,pose_RIGHT_WRIST,0.68489,0.64606,0.65275,0.05678
88,4080,pose_LEFT_PINKY,0.34911,0.46061,0.69094,0.03824
88,4080,pose_RIGHT_PINKY,0.58843,0.6514,0.69959,0.08297
88,4080,pose_LEFT_INDEX,0.33905,0.47196,0.70684,0.03943
88,4080,pose_RIGHT_INDEX,0.56665,0.64006,0.68846,0.07764
88,4080,pose_LEFT_THUMB,0.32589,0.47119,0.6883,0.026
88,4080,pose_RIGHT_THUMB,0.54409,0.63436,0.67474,0.05869
88,4080,pose_LEFT_HIP,0.9968,0.48611,0.6373,0.00818
88,4080,pose_RIGHT_HIP,0.9956,0.5602,0.64242,-0.00846
88,4080,pose_LEFT_KNEE,0.73112,0.48755,0.90079,0.1755
88,4080,pose_RIGHT_KNEE,0.53718,0.54967,0.91742,0.1662
88,4080,pose_LEFT_ANKLE,0.51871,0.48675,1.10649,0.37953
88,4080,pose_RIGHT_ANKLE,0.37451,0.54689,1.15578,0.33726
88,4080,pose_LEFT_HEEL,0.56399,0.48913,1.1564,0.3983
88,4080,pose_RIGHT_HEEL,0.51718,0.54169,1.20386,0.356
88,4080,pose_LEFT_FOOT_INDEX,0.32731,0.48279,1.12683,0.38184
88,4080,pose_RIGHT_FOOT_INDEX,0.21978,0.5617,1.18203,0.31993
90,4160,pose_LEFT_SHOULDER,0.99897,0.46648,0.22296,-0.19225
90,4160,pose_RIGHT_SHOULDER,0.99928,0.62172,0.25361,-0.20703
90,4160,pose_LEFT_ELBOW,0.82263,0.44488,0.48956,-0.09185
90,4160,pose_RIGHT_ELBOW,0.93053,0.64768,0.50135,-0.14263
90,4160,pose_LEFT_WRIST,0.3822,0.46285,0.64833,0.09406
90,4160,pose_RIGHT_WRIST,0.68379,0.64549,0.6931,0.02869
90,4160,pose_LEFT_PINKY,0.30852,0.46523,0.69187,0.12096
90,4160,pose_RIGHT_PINKY,0.58815,0.65501,0.73633,0.05461
90,4160,pose_LEFT_INDEX,0.29965,0.47281,0.69128,0.12037
90,4160,pose_RIGHT_INDEX,0.56605,0.64206,0.7296,0.04818
90,4160,pose_LEFT_THUMB,0.29165,0.47258,0.67551,0.09902
90,4160,pose_RIGHT_THUMB,0.54365,0.634,0.71623,0.02939
90,4160,pose_LEFT_HIP,0.99674,0.48667,0.64653,-0.00396
90,4160,pose_RIGHT_HIP,0.99534,0.55159,0.6628,0.00429
90,4160,pose_LEFT_KNEE,0.74784,0.49081,0.8988,0.16991
90,4160,pose_RIGHT_KNEE,0.53862,0.53851,0.9309,0.18747
90,4160,pose_LEFT_ANKLE,0.51834,0.48704,1.11372,0.37963
90,4160,pose_RIGHT_ANKLE,0.37274,0.53642,1.1541,0.37531
90,4160,pose_LEFT_HEEL,0.55025,0.4891,1.15654,0.39879
90,4160,pose_RIGHT_HEEL,0.50866,0.5334,1.19922,0.39587
90,4160,pose_LEFT_FOOT_INDEX,0.31694,0.47874,1.15138,0.37155
90,4160,pose_RIGHT_FOOT_INDEX,0.21146,0.54036,1.19329,0.35387
92,4240,pose_LEFT_SHOULDER,0.99896,0.49808,0.22247,-0.27775
92,4240,pose_RIGHT_SHOULDER,0.99846,0.61247,0.2545,-0.24497
92,4240,pose_LEFT_ELBOW,0.83319,0.50394,0.4967,-0.20035
92,4240,pose_RIGHT_ELBOW,0.88632,0.64273,0.53122,-0.197
92,4240,pose_LEFT_WRIST,0.40276,0.48444,0.68617,-0.11061
92,4240,pose_RIGHT_WRIST,0.65198,0.61013,0.71053,-0.09937
92,4240,pose_LEFT_PINKY,0.31974,0.47945,0.7426,-0.1964
92,4240,pose_RIGHT_PINKY,0.56126,0.63058,0.75694,-0.10558
92,4240,pose_LEFT_INDEX,0.31197,0.48032,0.73536,-0.19052
92,4240,pose_RIGHT_INDEX,0.54054,0.61434,0.7519,-0.11982
92,4240,pose_LEFT_THUMB,0.30784,0.48172,0.7147,-0.13156
92,4240,pose_RIGHT_THUMB,0.52076,0.583,0.74132,-0.10458
92,4240,pose_LEFT_HIP,0.99671,0.4972,0.65431,-0.02259
92,4240,pose_RIGHT_HIP,0.99461,0.53804,0.67262,0.02305
92,4240,pose_LEFT_KNEE,0.74711,0.49682,0.90597,0.18441
92,4240,pose_RIGHT_KNEE,0.54194,0.52393,0.93055,0.23375
92,4240,pose_LEFT_ANKLE,0.52696,0.49065,1.11949,0.43268
92,4240,pose_RIGHT_ANKLE,0.39264,0.51696,1.15271,0.45204
92,4240,pose_LEFT_HEEL,0.54639,0.48975,1.156,0.45373
92,4240,pose_RIGHT_HEEL,0.51563,0.51434,1.19091,0.47505
92,4240,pose_LEFT_FOOT_INDEX,0.32286,0.48178,1.16712,0.41033
92,4240,pose_RIGHT_FOOT_INDEX,0.22151,0.51373,1.19877,0.4288
94,4320,pose_LEFT_SHOULDER,0.99892,0.46687,0.23245,-0.20133
94,4320,pose_RIGHT_SHOULDER,0.99856,0.62383,0.2594,-0.21787
94,4320,pose_LEFT_ELBOW,0.85083,0.43408,0.54026,-0.16403
94,4320,pose_RIGHT_ELBOW,0.89425,0.65427,0.5283,-0.11621
94,4320,pose_LEFT_WRIST,0.37392,0.43959,0.73791,-0.01188
94,4320,pose_RIGHT_WRIST,0.62767,0.65041,0.73168,0.12937
94,4320,pose_LEFT_PINKY,0.29279,0.44299,0.79859,0.00468
94,4320,pose_RIGHT_PINKY,0.53134,0.65855,0.7814,0.16795
94,4320,pose_LEFT_INDEX,0.285,0.44579,0.79489,0.01856
94,4320,pose_RIGHT_INDEX,0.50977,0.6442,0.77833,0.16621
94,4320,pose_LEFT_THUMB,0.28093,0.44493,0.77402,-0.00571
94,4320,pose_RIGHT_THUMB,0.49296,0.6326,0.7611,0.13349
94,4320,pose_LEFT_HIP,0.99659,0.47581,0.69204,-0.00549
94,4320,pose_RIGHT_HIP,0.99452,0.54754,0.70296,0.00565
94,4320,pose_LEFT_KNEE,0.74952,0.47768,0.91794,0.21716
94,4320,pose_RIGHT_KNEE,0.55176,0.54421,0.95247,0.22416
94,4320,pose_LEFT_ANKLE,0.51478,0.4707,1.15604,0.46816
94,4320,pose_RIGHT_ANKLE,0.38495,0.53405,1.21306,0.43085
94,4320,pose_LEFT_HEEL,0.53802,0.47135,1.2004,0.49138
94,4320,pose_RIGHT_HEEL,0.52425,0.5242,1.26163,0.4536
94,4320,pose_LEFT_FOOT_INDEX,0.30505,0.46123,1.18393,0.48982
94,4320,pose_RIGHT_FOOT_INDEX,0.20853,0.55381,1.24387,0.42634
96,4400,pose_LEFT_SHOULDER,0.99886,0.44945,0.2647,-0.18759
96,4400,pose_RIGHT_SHOULDER,0.99857,0.62163,0.27571,-0.21122
96,4400,pose_LEFT_ELBOW,0.87052,0.41377,0.57065,-0.18925
96,4400,pose_RIGHT_ELBOW,0.90028,0.65285,0.54229,-0.12568
96,4400,pose_LEFT_WRIST,0.40608,0.4057,0.7636,-0.09755
96,4400,pose_RIGHT_WRIST,0.60871,0.65636,0.74998,0.07746
96,4400,pose_LEFT_PINKY,0.31516,0.40177,0.85739,-0.09339
96,4400,pose_RIGHT_PINKY,0.50808,0.66367,0.79757,0.10983
96,4400,pose_LEFT_INDEX,0.30666,0.40293,0.85158,-0.08547
96,4400,pose_RIGHT_INDEX,0.48596,0.65145,0.78912,0.10297
96,4400,pose_LEFT_THUMB,0.29663,0.419,0.7915,-0.09286
96,4400,pose_RIGHT_THUMB,0.47112,0.64202,0.76861,0.07859
96,4400,pose_LEFT_HIP,0.99573,0.47075,0.72402,0.00957
96,4400,pose_RIGHT_HIP,0.99353,0.55103,0.73986,-0.00946
96,4400,pose_LEFT_KNEE,0.70728,0.48638,0.97311,0.22494
96,4400,pose_RIGHT_KNEE,0.53008,0.54818,0.98746,0.20424
96,4400,pose_LEFT_ANKLE,0.46464,0.47859,1.21621,0.47879
96,4400,pose_RIGHT_ANKLE,0.34883,0.53324,1.27574,0.41771
96,4400,pose_LEFT_HEEL,0.5034,0.47709,1.2592,0.50241
96,4400,pose_RIGHT_HEEL,0.50178,0.51972,1.32371,0.43783
96,4400,pose_LEFT_FOOT_INDEX,0.27245,0.47939,1.25833,0.48966
96,4400,pose_RIGHT_FOOT_INDEX,0.18429,0.57095,1.32286,0.38715
98,4496,pose_LEFT_SHOULDER,0.99871,0.44235,0.29083,-0.16596
98,4496,pose_RIGHT_SHOULDER,0.99849,0.61192,0.28831,-0.21377
98,4496,pose_LEFT_ELBOW,0.88894,0.40304,0.56036,-0.17096
98,4496,pose_RIGHT_ELBOW,0.90985,0.64829,0.55395,-0.13607
98,4496,pose_LEFT_WRIST,0.45376,0.39366,0.79408,-0.07285
98,4496,pose_RIGHT_WRIST,0.62029,0.65633,0.76134,0.07277
98,4496,pose_LEFT_PINKY,0.35001,0.38921,0.86107,-0.06682
98,4496,pose_RIGHT_PINKY,0.51514,0.66615,0.81909,0.10317
98,4496,pose_LEFT_INDEX,0.34192,0.40047,0.84126,-0.06252
98,4496,pose_RIGHT_INDEX,0.49318,0.6565,0.80873,0.09732
98,4496,pose_LEFT_THUMB,0.32629,0.41017,0.81178,-0.06924
98,4496,pose_RIGHT_THUMB,0.47705,0.64624,0.7946,0.07433
98,4496,pose_LEFT_HIP,0.9938,0.47192,0.75516,0.01978
98,4496,pose_RIGHT_HIP,0.99106,0.55352,0.76859,-0.0196
98,4496,pose_LEFT_KNEE,0.66813,0.50295,1.03748,0.22775
98,4496,pose_RIGHT_KNEE,0.51503,0.545,1.02055,0.1658
98,4496,pose_LEFT_ANKLE,0.40785,0.494,1.30145,0.49719
98,4496,pose_RIGHT_ANKLE,0.31626,0.52251,1.36064,0.35807
98,4496,pose_LEFT_HEEL,0.45587,0.4906,1.34731,0.52183
98,4496,pose_RIGHT_HEEL,0.47421,0.50959,1.4133,0.37915
98,4496,pose_LEFT_FOOT_INDEX,0.24015,0.49916,1.35223,0.49278
98,4496,pose_RIGHT_FOOT_INDEX,0.16426,0.55803,1.41234,0.31427
100,4576,pose_LEFT_SHOULDER,0.99859,0.4236,0.31698,-0.17339
100,4576,pose_RIGHT_SHOULDER,0.99827,0.59207,0.3017,-0.16526
100,4576,pose_LEFT_ELBOW,0.90325,0.38058,0.5906,-0.15998
100,4576,pose_RIGHT_ELBOW,0.9122,0.63494,0.5706,-0.07604
100,4576,pose_LEFT_WRIST,0.46957,0.36899,0.81053,-0.05179
100,4576,pose_RIGHT_WRIST,0.59888,0.65304,0.76647,0.14543
100,4576,pose_LEFT_PINKY,0.35623,0.36273,0.86951,-0.05339
100,4576,pose_RIGHT_PINKY,0.49228,0.6623,0.82712,0.18036
100,4576,pose_LEFT_INDEX,0.34902,0.36767,0.86408,-0.04394
100,4576,pose_RIGHT_INDEX,0.47125,0.65202,0.8266,0.17307
100,4576,pose_LEFT_THUMB,0.33073,0.36986,0.8402,-0.04738
100,4576,pose_RIGHT_THUMB,0.45523,0.64414,0.80319,0.14749
100,4576,pose_LEFT_HIP,0.9909,0.45779,0.77854,-0.00772
100,4576,pose_RIGHT_HIP,0.98709,0.55153,0.78461,0.00801
100,4576,pose_LEFT_KNEE,0.64242,0.49801,1.1004,0.1864
100,4576,pose_RIGHT_KNEE,0.47626,0.53936,1.06183,0.19406
100,4576,pose_LEFT_ANKLE,0.35697,0.49765,1.39266,0.47527
100,4576,pose_RIGHT_ANKLE,0.28073,0.51973,1.41199,0.43313
100,4576,pose_LEFT_HEEL,0.41121,0.49787,1.44319,0.49584
100,4576,pose_RIGHT_HEEL,0.44083,0.5096,1.46777,0.45695
100,4576,pose_LEFT_FOOT_INDEX,0.20777,0.4924,1.43636,0.45033
100,4576,pose_RIGHT_FOOT_INDEX,0.14394,0.53719,1.45354,0.378
102,4656,pose_LEFT_SHOULDER,0.99825,0.41057,0.32963,-0.14221
102,4656,pose_RIGHT_SHOULDER,0.99804,0.57984,0.32215,-0.2305
102,4656,pose_LEFT_ELBOW,0.90784,0.36884,0.64593,-0.13097
102,4656,pose_RIGHT_ELBOW,0.92091,0.61956,0.62521,-0.17545
102,4656,pose_LEFT_WRIST,0.486,0.34269,0.87597,-0.05404
102,4656,pose_RIGHT_WRIST,0.62417,0.63419,0.85253,0.03504
102,4656,pose_LEFT_PINKY,0.36142,0.33479,0.94331,-0.05303
102,4656,pose_RIGHT_PINKY,0.50789,0.64169,0.9149,0.04611
102,4656,pose_LEFT_INDEX,0.35406,0.3355,0.93366,-0.05084
102,4656,pose_RIGHT_INDEX,0.48499,0.63361,0.89959,0.04531
102,4656,pose_LEFT_THUMB,0.33492,0.3401,0.90952,-0.05306
102,4656,pose_RIGHT_THUMB,0.46878,0.62191,0.88738,0.03643
102,4656,pose_LEFT_HIP,0.98956,0.42561,0.83233,0.0232
102,4656,pose_RIGHT_HIP,0.98508,0.53005,0.83239,-0.02289
102,4656,pose_LEFT_KNEE,0.59331,0.47709,1.19243,0.26309
102,4656,pose_RIGHT_KNEE,0.46017,0.50324,1.22107,0.17368
102,4656,pose_LEFT_ANKLE,0.32149,0.48485,1.50515,0.60772
102,4656,pose_RIGHT_ANKLE,0.28061,0.47866,1.56608,0.43407
102,4656,pose_LEFT_HEEL,0.37888,0.48295,1.55137,0.63485
102,4656,pose_RIGHT_HEEL,0.43823,0.467,1.62464,0.45778
102,4656,pose_LEFT_FOOT_INDEX,0.19379,0.48884,1.58186,0.55048
102,4656,pose_RIGHT_FOOT_INDEX,0.1421,0.50005,1.63042,0.33393
104,4736,pose_LEFT_SHOULDER,0.99831,0.54145,0.32897,-0.44207
104,4736,pose_RIGHT_SHOULDER,0.99821,0.39357,0.34572,-0.40104
104,4736,pose_LEFT_ELBOW,0.89174,0.57787,0.645,-0.33043
104,4736,pose_RIGHT_ELBOW,0.90369,0.36495,0.64646,-0.37651
104,4736,pose_LEFT_WRIST,0.45778,0.57246,0.84208,-0.39065
104,4736,pose_RIGHT_WRIST,0.58372,0.42763,0.79829,-0.5525
104,4736,pose_LEFT_PINKY,0.33794,0.57601,0.88817,-0.42484
104,4736,pose_RIGHT_PINKY,0.4738,0.44502,0.86038,-0.59858
104,4736,pose_LEFT_INDEX,0.33286,0.56954,0.87105,-0.46058
104,4736,pose_RIGHT_INDEX,0.45572,0.44871,0.80574,-0.63404
104,4736,pose_LEFT_THUMB,0.31652,0.56195,0.85597,-0.40432
104,4736,pose_RIGHT_THUMB,0.44253,0.44406,0.78721,-0.56969
104,4736,pose_LEFT_HIP,0.95192,0.49547,0.88233,0.01227
104,4736,pose_RIGHT_HIP,0.96114,0.41875,0.88368,-0.01096
104,4736,pose_LEFT_KNEE,0.50432,0.51483,1.2783,0.30186
104,4736,pose_RIGHT_KNEE,0.41021,0.43448,1.28507,0.21747
104,4736,pose_LEFT_ANKLE,0.27401,0.51996,1.6101,0.70571
104,4736,pose_RIGHT_ANKLE,0.25727,0.42271,1.63987,0.61042
104,4736,pose_LEFT_HEEL,0.32408,0.51973,1.65937,0.73834
104,4736,pose_RIGHT_HEEL,0.40006,0.4164,1.69431,0.64194
104,4736,pose_LEFT_FOOT_INDEX,0.18153,0.51405,1.72464,0.53275
104,4736,pose_RIGHT_FOOT_INDEX,0.13226,0.43299,1.75285,0.3567
106,4816,pose_LEFT_SHOULDER,0.99627,0.54675,0.32764,-0.33011
106,4816,pose_RIGHT_SHOULDER,0.99803,0.37115,0.37075,-0.19955
106,4816,pose_LEFT_ELBOW,0.849,0.57742,0.63331,-0.33467
106,4816,pose_RIGHT_ELBOW,0.86536,0.33704,0.65868,-0.32486
106,4816,pose_LEFT_WRIST,0.42643,0.56367,0.58283,-0.37288
106,4816,pose_RIGHT_WRIST,0.51779,0.39899,0.6249,-0.61045
106,4816,pose_LEFT_PINKY,0.30712,0.56015,0.59236,-0.39171
106,4816,pose_RIGHT_PINKY,0.41806,0.4179,0.65336,-0.66216
106,4816,pose_LEFT_INDEX,0.30075,0.56252,0.57074,-0.39646
106,4816,pose_RIGHT_INDEX,0.40415,0.42123,0.64003,-0.66581
106,4816,pose_LEFT_THUMB,0.28735,0.55657,0.56808,-0.37224
106,4816,pose_RIGHT_THUMB,0.39527,0.41842,0.63302,-0.6193
106,4816,pose_LEFT_HIP,0.87698,0.5173,0.90703,-0.04851
106,4816,pose_RIGHT_HIP,0.91396,0.40126,0.9254,0.04955
106,4816,pose_LEFT_KNEE,0.43166,0.53282,1.33726,0.1783
106,4816,pose_RIGHT_KNEE,0.34768,0.42587,1.34498,0.26228
106,4816,pose_LEFT_ANKLE,0.22769,0.54683,1.70299,0.58447
106,4816,pose_RIGHT_ANKLE,0.21426,0.43397,1.71536,0.60964
106,4816,pose_LEFT_HEEL,0.26622,0.55319,1.75643,0.61206
106,4816,pose_RIGHT_HEEL,0.33479,0.43065,1.76424,0.64039
106,4816,pose_LEFT_FOOT_INDEX,0.15462,0.53117,1.82584,0.32852
106,4816,pose_RIGHT_FOOT_INDEX,0.11463,0.44082,1.84828,0.36439
108,4896,pose_LEFT_SHOULDER,0.99362,0.54118,0.33316,-0.4666
108,4896,pose_RIGHT_SHOULDER,0.99776,0.34596,0.40846,-0.4033
108,4896,pose_LEFT_ELBOW,0.83325,0.60852,0.60713,-0.48561
108,4896,pose_RIGHT_ELBOW,0.86147,0.30402,0.71206,-0.49816
108,4896,pose_LEFT_WRIST,0.41853,0.5518,0.55445,-0.29215
108,4896,pose_RIGHT_WRIST,0.4928,0.39073,0.65234,-0.71061
108,4896,pose_LEFT_PINKY,0.28346,0.54441,0.56265,-0.27285
108,4896,pose_RIGHT_PINKY,0.38634,0.4141,0.66386,-0.74351
108,4896,pose_LEFT_INDEX,0.27481,0.54254,0.53937,-0.27708
108,4896,pose_RIGHT_INDEX,0.37336,0.41668,0.65271,-0.72737
108,4896,pose_LEFT_THUMB,0.2681,0.53954,0.54,-0.28351
108,4896,pose_RIGHT_THUMB,0.36919,0.41311,0.6463,-0.70597
108,4896,pose_LEFT_HIP,0.76507,0.51862,0.92342,-0.04117
108,4896,pose_RIGHT_HIP,0.81737,0.38582,0.94379,0.04213
108,4896,pose_LEFT_KNEE,0.35694,0.54566,1.36593,0.12978
108,4896,pose_RIGHT_KNEE,0.28724,0.40581,1.37607,0.24363
108,4896,pose_LEFT_ANKLE,0.18519,0.55675,1.7428,0.50668
108,4896,pose_RIGHT_ANKLE,0.17477,0.41816,1.75438,0.58904
108,4896,pose_LEFT_HEEL,0.21599,0.56112,1.79129,0.52921
108,4896,pose_RIGHT_HEEL,0.27276,0.41726,1.80062,0.61989
108,4896,pose_LEFT_FOOT_INDEX,0.12635,0.54216,1.89084,0.23775
108,4896,pose_RIGHT_FOOT_INDEX,0.09505,0.44058,1.90734,0.32622
110,4992,pose_LEFT_SHOULDER,0.9937,0.54674,0.33699,-0.53785
110,4992,pose_RIGHT_SHOULDER,0.99786,0.3228,0.45879,-0.59621
110,4992,pose_LEFT_ELBOW,0.81747,0.60842,0.56455,-0.18765
110,4992,pose_RIGHT_ELBOW,0.85283,0.28635,0.83024,-0.55404
110,4992,pose_LEFT_WRIST,0.38976,0.59297,0.66432,0.05951
110,4992,pose_RIGHT_WRIST,0.43349,0.33111,0.99556,-0.61632
110,4992,pose_LEFT_PINKY,0.25517,0.59871,0.69979,0.10742
110,4992,pose_RIGHT_PINKY,0.33719,0.3412,1.07314,-0.62861
110,4992,pose_LEFT_INDEX,0.24822,0.5989,0.69468,0.07927
110,4992,pose_RIGHT_INDEX,0.3284,0.34769,1.02588,-0.65798
110,4992,pose_LEFT_THUMB,0.24887,0.58935,0.68916,0.05859
110,4992,pose_RIGHT_THUMB,0.32836,0.34945,0.99276,-0.62577
110,4992,pose_LEFT_HIP,0.68487,0.52095,0.94346,-0.03226
110,4992,pose_RIGHT_HIP,0.72936,0.37722,0.95658,0.03297
110,4992,pose_LEFT_KNEE,0.29282,0.53664,1.41978,0.15992
110,4992,pose_RIGHT_KNEE,0.23458,0.37922,1.43844,0.21596
110,4992,pose_LEFT_ANKLE,0.15029,0.54453,1.8191,0.55544
110,4992,pose_RIGHT_ANKLE,0.14181,0.38637,1.83188,0.58396
110,4992,pose_LEFT_HEEL,0.17511,0.54771,1.86814,0.58023
110,4992,pose_RIGHT_HEEL,0.22131,0.38614,1.87911,0.61429
110,4992,pose_LEFT_FOOT_INDEX,0.10284,0.53393,1.97931,0.31838
110,4992,pose_RIGHT_FOOT_INDEX,0.07756,0.41438,1.99187,0.29282
112,5072,pose_LEFT_SHOULDER,0.99378,0.54643,0.33603,-0.58026
112,5072,pose_RIGHT_SHOULDER,0.99772,0.31553,0.47686,-0.6783
112,5072,pose_LEFT_ELBOW,0.80029,0.59273,0.55011,-0.12517
112,5072,pose_RIGHT_ELBOW,0.82763,0.27987,0.83071,-0.59263
112,5072,pose_LEFT_WRIST,0.35134,0.59576,0.65613,0.27632
112,5072,pose_RIGHT_WRIST,0.36827,0.30189,1.05263,-0.53631
112,5072,pose_LEFT_PINKY,0.22475,0.60139,0.68425,0.36718
112,5072,pose_RIGHT_PINKY,0.28591,0.30374,1.13205,-0.52231
112,5072,pose_LEFT_INDEX,0.21974,0.60616,0.69223,0.34568
112,5072,pose_RIGHT_INDEX,0.27982,0.31131,1.10019,-0.56012
112,5072,pose_LEFT_THUMB,0.22378,0.59646,0.69314,0.28295
112,5072,pose_RIGHT_THUMB,0.28147,0.31709,1.06552,-0.54567
112,5072,pose_LEFT_HIP,0.61111,0.52106,0.94835,-0.02141
112,5072,pose_RIGHT_HIP,0.64877,0.3685,1.00284,0.02154
112,5072,pose_LEFT_KNEE,0.24275,0.54064,1.45061,0.22531
112,5072,pose_RIGHT_KNEE,0.19348,0.38702,1.47432,0.1938
112,5072,pose_LEFT_ANKLE,0.12233,0.55519,1.86314,0.72063
112,5072,pose_RIGHT_ANKLE,0.1154,0.39465,1.87685,0.58511
112,5072,pose_LEFT_HEEL,0.14209,0.55713,1.91424,0.75371
112,5072,pose_RIGHT_HEEL,0.18008,0.38992,1.92318,0.62024
112,5072,pose_LEFT_FOOT_INDEX,0.08416,0.54843,2.02442,0.46172
112,5072,pose_RIGHT_FOOT_INDEX,0.0638,0.41304,2.03911,0.2967
114,5152,pose_LEFT_SHOULDER,0.99477,0.55013,0.33674,-0.64458
114,5152,pose_RIGHT_SHOULDER,0.99805,0.30568,0.51599,-0.79504
114,5152,pose_LEFT_ELBOW,0.80781,0.60137,0.5411,-0.18313
114,5152,pose_RIGHT_ELBOW,0.83628,0.26033,0.91881,-0.71096
114,5152,pose_LEFT_WRIST,0.35311,0.58682,0.53799,0.17537
114,5152,pose_RIGHT_WRIST,0.33776,0.27196,1.17458,-0.67532
114,5152,pose_LEFT_PINKY,0.21504,0.59309,0.52049,0.25463
114,5152,pose_RIGHT_PINKY,0.25527,0.26719,1.26571,-0.66606
114,5152,pose_LEFT_INDEX,0.21104,0.59553,0.53347,0.25241
114,5152,pose_RIGHT_INDEX,0.25148,0.27531,1.24467,-0.71434
114,5152,pose_LEFT_THUMB,0.21919,0.5862,0.55083,0.18773
114,5152,pose_RIGHT_THUMB,0.25667,0.28467,1.20535,-0.68981
114,5152,pose_LEFT_HIP,0.54902,0.51969,0.97241,0.00651
114,5152,pose_RIGHT_HIP,0.58114,0.3561,1.05979,-0.00604
114,5152,pose_LEFT_KNEE,0.19819,0.54004,1.53749,0.24669
114,5152,pose_RIGHT_KNEE,0.15803,0.37923,1.58285,0.17257
114,5152,pose_LEFT_ANKLE,0.09925,0.55517,1.98433,0.80204
114,5152,pose_RIGHT_ANKLE,0.09361,0.39744,2.02501,0.58775
114,5152,pose_LEFT_HEEL,0.11517,0.55534,2.04121,0.84066
114,5152,pose_RIGHT_HEEL,0.14604,0.39555,2.07528,0.62485
114,5152,pose_LEFT_FOOT_INDEX,0.06864,0.55437,2.15716,0.53401
114,5152,pose_RIGHT_FOOT_INDEX,0.05198,0.43408,2.1967,0.26397
116,5232,pose_LEFT_SHOULDER,0.99555,0.55422,0.3286,-0.62801
116,5232,pose_RIGHT_SHOULDER,0.99836,0.29939,0.50668,-0.69125
116,5232,pose_LEFT_ELBOW,0.81803,0.61397,0.55806,-0.2809
116,5232,pose_RIGHT_ELBOW,0.85219,0.26396,0.91384,-0.61839
116,5232,pose_LEFT_WRIST,0.38216,0.58341,0.51869,-0.02054
116,5232,pose_RIGHT_WRIST,0.32621,0.28147,1.20238,-0.62841
116,5232,pose_LEFT_PINKY,0.22338,0.58828,0.49112,0.03282
116,5232,pose_RIGHT_PINKY,0.2375,0.27921,1.3077,-0.62332
116,5232,pose_LEFT_INDEX,0.21719,0.59279,0.49441,0.03975
116,5232,pose_RIGHT_INDEX,0.23628,0.28524,1.28449,-0.6732
116,5232,pose_LEFT_THUMB,0.23231,0.58173,0.51433,-0.00726
116,5232,pose_RIGHT_THUMB,0.2473,0.29474,1.24179,-0.64518
116,5232,pose_LEFT_HIP,0.50347,0.52639,0.9795,0.00395
116,5232,pose_RIGHT_HIP,0.52875,0.36337,1.06941,-0.00324
116,5232,pose_LEFT_KNEE,0.16231,0.55609,1.56613,0.23
116,5232,pose_RIGHT_KNEE,0.12945,0.38596,1.6114,0.16333
116,5232,pose_LEFT_ANKLE,0.08058,0.57351,2.0241,0.72701
116,5232,pose_RIGHT_ANKLE,0.07597,0.41016,2.07258,0.57605
116,5232,pose_LEFT_HEEL,0.09338,0.57534,2.08258,0.76234
116,5232,pose_RIGHT_HEEL,0.11851,0.41125,2.12612,0.61223
116,5232,pose_LEFT_FOOT_INDEX,0.05608,0.56986,2.20556,0.46288
116,5232,pose_RIGHT_FOOT_INDEX,0.0424,0.45369,2.25698,0.22736
118,5344,pose_LEFT_SHOULDER,0.99475,0.56402,0.32586,-0.48284
118,5344,pose_RIGHT_SHOULDER,0.99833,0.30351,0.46654,-0.42314
118,5344,pose_LEFT_ELBOW,0.80848,0.61969,0.62368,-0.22491
118,5344,pose_RIGHT_ELBOW,0.84253,0.26707,0.87901,-0.32319
118,5344,pose_LEFT_WRIST,0.36665,0.58441,0.58153,-0.05222
118,5344,pose_RIGHT_WRIST,0.29396,0.27444,1.15368,-0.35055
118,5344,pose_LEFT_PINKY,0.20693,0.58552,0.58552,-0.02723
118,5344,pose_RIGHT_PINKY,0.20984,0.27277,1.26097,-0.35674
118,5344,pose_LEFT_INDEX,0.19963,0.58851,0.57097,-0.02251
118,5344,pose_RIGHT_INDEX,0.21008,0.27845,1.23351,-0.41133
118,5344,pose_LEFT_THUMB,0.21771,0.57961,0.57607,-0.0443
118,5344,pose_RIGHT_THUMB,0.22395,0.28633,1.19265,-0.37303
118,5344,pose_LEFT_HIP,0.43516,0.53123,1.00411,-0.02994
118,5344,pose_RIGHT_HIP,0.45741,0.36293,1.05488,0.03125
118,5344,pose_LEFT_KNEE,0.13215,0.55646,1.5803,0.2183
118,5344,pose_RIGHT_KNEE,0.10544,0.38372,1.60573,0.24039
118,5344,pose_LEFT_ANKLE,0.06534,0.5712,2.05154,0.79495
118,5344,pose_RIGHT_ANKLE,0.06159,0.40099,2.07575,0.71125
118,5344,pose_LEFT_HEEL,0.07568,0.57552,2.11561,0.8353
118,5344,pose_RIGHT_HEEL,0.09612,0.3997,2.13709,0.75326
118,5344,pose_LEFT_FOOT_INDEX,0.04556,0.56324,2.22827,0.49732
118,5344,pose_RIGHT_FOOT_INDEX,0.03448,0.43732,2.26172,0.36621
